﻿<?xml version="1.0" encoding="utf-8" ?>
<Defs>

  <ThingDef ParentName="LeatherBase">
    <defName>Leather_Asari</defName>
    <label>asari leather</label>
    <description>Tanned, dried, scraped asari skin. Most people find this material horrifying. Some find it fascinating. While a decent leather, it neither protects nor insulates particularly well.</description>
    <graphicData>
      <color>(184, 184, 222)</color>
    </graphicData>
    <statBases>
      <MarketValue>4.2</MarketValue>
      <StuffPower_Armor_Sharp>0.64</StuffPower_Armor_Sharp>
      <StuffPower_Insulation_Cold>12</StuffPower_Insulation_Cold>
      <StuffPower_Insulation_Heat>12</StuffPower_Insulation_Heat>
    </statBases>
    <stuffProps>
      <color>(184, 184, 222)</color>
      <commonality>0.001</commonality>
    </stuffProps>
  </ThingDef>

  <ThingDef ParentName="LeatherBase">
    <defName>Leather_Batarian</defName>
    <label>batarian leather</label>
    <description>Tanned, dried, scraped batarian skin. Most people find this material horrifying. Some find it fascinating. While a decent leather, it neither protects nor insulates particularly well.</description>
    <graphicData>
      <color>(222, 184, 135)</color>
    </graphicData>
    <statBases>
      <MarketValue>4.2</MarketValue>
      <StuffPower_Armor_Sharp>0.64</StuffPower_Armor_Sharp>
      <StuffPower_Insulation_Cold>12</StuffPower_Insulation_Cold>
      <StuffPower_Insulation_Heat>12</StuffPower_Insulation_Heat>
    </statBases>
    <stuffProps>
      <color>(222, 184, 135)</color>
      <commonality>0.001</commonality>
    </stuffProps>
  </ThingDef>
    
	<ThingDef ParentName="LeatherBase">
    <defName>Leather_Drell</defName>
    <label>drell leather</label>
    <description>Tanned, dried, scraped drell skin. Most people find this material horrifying. Some find it fascinating. While a decent leather, it neither protects nor insulates particularly well.</description>
    <graphicData>
      <color>(127, 255, 212)</color>
    </graphicData>
    <statBases>
      <MarketValue>4.2</MarketValue>
      <StuffPower_Armor_Sharp>0.64</StuffPower_Armor_Sharp>
      <StuffPower_Insulation_Cold>12</StuffPower_Insulation_Cold>
      <StuffPower_Insulation_Heat>12</StuffPower_Insulation_Heat>
    </statBases>
    <stuffProps>
      <color>(127, 255, 212)</color>
      <commonality>0.001</commonality>
    </stuffProps>
  </ThingDef>
  
  	<ThingDef ParentName="LeatherBase">
    <defName>Leather_Hanar</defName>
    <label>hanar leather</label>
    <description>Tanned, dried, scraped hanar skin. Most people find this material horrifying. Some find it fascinating. Not an ideal material, it neither protects nor insulates well.</description>
    <graphicData>
      <color>(221, 160, 221)</color>
    </graphicData>
    <statBases>
      <MarketValue>3.8</MarketValue>
      <StuffPower_Armor_Sharp>0.54</StuffPower_Armor_Sharp>
      <StuffPower_Insulation_Cold>9</StuffPower_Insulation_Cold>
      <StuffPower_Insulation_Heat>9</StuffPower_Insulation_Heat>
    </statBases>
    <stuffProps>
      <color>(221, 160, 221)</color>
      <commonality>0.001</commonality>
    </stuffProps>
  </ThingDef>
  
    <ThingDef ParentName="LeatherBase">
    <defName>Leather_Krogan</defName>
    <label>krogan leather</label>
    <description>Tanned, dried, scraped krogan skin. Most people find this material horrifying. Some find it fascinating. While a decent leather, it neither protects nor insulates particularly well, but does perform better than other humanoid leathers.</description>
    <graphicData>
      <color>(235, 208, 176)</color>
    </graphicData>
    <statBases>
      <MarketValue>5.2</MarketValue>
      <StuffPower_Armor_Sharp>0.74</StuffPower_Armor_Sharp>
      <StuffPower_Insulation_Cold>14</StuffPower_Insulation_Cold>
      <StuffPower_Insulation_Heat>14</StuffPower_Insulation_Heat>
    </statBases>
    <stuffProps>
      <color>(235, 208, 176)</color>
      <commonality>0.001</commonality>
    </stuffProps>
  </ThingDef>
  
      <ThingDef ParentName="LeatherBase">
    <defName>Leather_Quarian</defName>
    <label>quarian leather</label>
    <description>Tanned, dried, scraped quarian skin. Most people find this material horrifying. Some find it fascinating. While a decent leather, it neither protects nor insulates particularly well.</description>
    <graphicData>
      <color>(215, 208, 212)</color>
    </graphicData>
    <statBases>
      <MarketValue>4.2</MarketValue>
      <StuffPower_Armor_Sharp>0.64</StuffPower_Armor_Sharp>
      <StuffPower_Insulation_Cold>12</StuffPower_Insulation_Cold>
      <StuffPower_Insulation_Heat>12</StuffPower_Insulation_Heat>
    </statBases>
    <stuffProps>
      <color>(215, 208, 212)</color>
      <commonality>0.001</commonality>
    </stuffProps>
  </ThingDef>

    <ThingDef ParentName="LeatherBase">
    <defName>Leather_Salarian</defName>
    <label>salarian leather</label>
    <description>Tanned, dried, scraped salarian skin. Most people find this material horrifying. Some find it fascinating. While a decent leather, it neither protects nor insulates particularly well.</description>
    <graphicData>
      <color>(190, 190, 190)</color>
    </graphicData>
    <statBases>
      <MarketValue>4.2</MarketValue>
      <StuffPower_Armor_Sharp>0.64</StuffPower_Armor_Sharp>
      <StuffPower_Insulation_Cold>12</StuffPower_Insulation_Cold>
      <StuffPower_Insulation_Heat>12</StuffPower_Insulation_Heat>
    </statBases>
    <stuffProps>
      <color>(190, 190, 190)</color>
      <commonality>0.001</commonality>
    </stuffProps>
  </ThingDef>

      <ThingDef ParentName="LeatherBase">
    <defName>Leather_Turian</defName>
    <label>turian leather</label>
    <description>Tanned, dried, scraped turian skin. Most people find this material horrifying. Some find it fascinating. While a decent leather, it neither protects nor insulates particularly well.</description>
    <graphicData>
      <color>(175, 175, 175)</color>
    </graphicData>
    <statBases>
      <MarketValue>4.6</MarketValue>
      <StuffPower_Armor_Sharp>0.7</StuffPower_Armor_Sharp>
      <StuffPower_Insulation_Cold>8</StuffPower_Insulation_Cold>
      <StuffPower_Insulation_Heat>12</StuffPower_Insulation_Heat>
    </statBases>
    <stuffProps>
      <color>(175, 175, 175)</color>
      <commonality>0.001</commonality>
    </stuffProps>
  </ThingDef>
  
      <ThingDef ParentName="LeatherBase">
    <defName>Leather_Vorcha</defName>
    <label>vorcha leather</label>
    <description>Tanned, dried, scraped vorcha skin. Most people find this material horrifying. Some find it fascinating. While a decent leather, it neither protects nor insulates particularly well.</description>
    <graphicData>
      <color>(232, 184, 135)</color>
    </graphicData>
    <statBases>
      <MarketValue>4.2</MarketValue>
      <StuffPower_Armor_Sharp>0.64</StuffPower_Armor_Sharp>
      <StuffPower_Insulation_Cold>12</StuffPower_Insulation_Cold>
      <StuffPower_Insulation_Heat>12</StuffPower_Insulation_Heat>
    </statBases>
    <stuffProps>
      <color>(232, 184, 135)</color>
      <commonality>0.001</commonality>
    </stuffProps>
  </ThingDef>
  
  </Defs>
