<?xml version="1.0" encoding="utf-8" ?>
<Defs>

  <ThingDef ParentName="BaseFilth">
    <defName>FilthBloodAsari</defName>
    <label>blood</label>
    <statBases>
      <Beauty>-30</Beauty>
      <Cleanliness>-10</Cleanliness>
    </statBases>
    <graphicData>
      <texPath>Things/Filth/Spatter</texPath>
      <color>(136, 64, 177, 180)</color>
    </graphicData>
    <filth>
      <rainWashes>true</rainWashes>
      <cleaningWorkToReduceThickness>90</cleaningWorkToReduceThickness>
      <canFilthAttach>true</canFilthAttach>
    </filth>
  </ThingDef> 

  <ThingDef ParentName="BaseFilth">
    <defName>FilthBloodKrogan</defName>
    <label>blood</label>
    <statBases>
      <Beauty>-40</Beauty>
      <Cleanliness>-10</Cleanliness>
    </statBases>
    <graphicData>
      <texPath>Things/Filth/Spatter</texPath>
      <color>(255, 140, 0, 180)</color>
    </graphicData>
    <filth>
      <rainWashes>true</rainWashes>
      <cleaningWorkToReduceThickness>90</cleaningWorkToReduceThickness>
      <canFilthAttach>true</canFilthAttach>
    </filth>
  </ThingDef>  
   
     <ThingDef ParentName="BaseFilth">
    <defName>FilthBloodTurian</defName>
    <label>blood</label>
    <statBases>
      <Beauty>-40</Beauty>
      <Cleanliness>-10</Cleanliness>
    </statBases>
    <graphicData>
      <texPath>Things/Filth/Spatter</texPath>
      <color>(65, 105, 225, 180)</color>
    </graphicData>
    <filth>
      <rainWashes>true</rainWashes>
      <cleaningWorkToReduceThickness>90</cleaningWorkToReduceThickness>
      <canFilthAttach>true</canFilthAttach>
    </filth>
  </ThingDef>  
  
    <ThingDef ParentName="BaseFilth">
    <defName>FilthBloodSalarian</defName>
    <label>blood</label>
    <statBases>
      <Beauty>-40</Beauty>
      <Cleanliness>-10</Cleanliness>
    </statBases>
    <graphicData>
      <texPath>Things/Filth/Spatter</texPath>
      <color>(198, 236, 121, 180)</color>
    </graphicData>
    <filth>
      <rainWashes>true</rainWashes>
      <cleaningWorkToReduceThickness>90</cleaningWorkToReduceThickness>
      <canFilthAttach>true</canFilthAttach>
    </filth>
  </ThingDef>  
  
      <ThingDef ParentName="BaseFilth">
    <defName>FilthBloodHanar</defName>
    <label>mesoglea</label>
    <statBases>
      <Beauty>-40</Beauty>
      <Cleanliness>-10</Cleanliness>
    </statBases>
    <graphicData>
      <texPath>Things/Filth/Spatter</texPath>
      <color>(135, 206, 250, 90)</color>
    </graphicData>
    <filth>
      <rainWashes>true</rainWashes>
      <cleaningWorkToReduceThickness>90</cleaningWorkToReduceThickness>
      <canFilthAttach>true</canFilthAttach>
    </filth>
  </ThingDef>  
  
        <ThingDef ParentName="BaseFilth">
    <defName>FilthBloodReaper</defName>
    <label>filth</label>
    <statBases>
      <Beauty>-40</Beauty>
      <Cleanliness>-10</Cleanliness>
    </statBases>
    <graphicData>
      <texPath>Things/Filth/Spatter</texPath>
      <color>(31, 31, 177, 90)</color>
    </graphicData>
    <filth>
      <rainWashes>true</rainWashes>
      <cleaningWorkToReduceThickness>90</cleaningWorkToReduceThickness>
      <canFilthAttach>true</canFilthAttach>
    </filth>
  </ThingDef>  
  
</Defs>