﻿<?xml version="1.0" encoding="utf-8" ?>
<Defs>

  <!-- ============================ Asari Base ========================== -->

  <PawnKindDef Name="AsariBase" Abstract="True">
    <defaultFactionType>AsariFaction</defaultFactionType>
    <race>AlienAsari</race>
    <chemicalAddictionChance>0.035</chemicalAddictionChance>
    <baseRecruitDifficulty>0.70</baseRecruitDifficulty>
    <backstoryFilters>
	  <li>
      <categories>
			<li>Civil</li>
			<li>Outlander</li>
      </categories>
      </li>
  	</backstoryFilters>
    <apparelAllowHeadgearChance>0</apparelAllowHeadgearChance>
    <apparelTags>
      <li>Outlander</li>
      <li>IndustrialBasic</li>
      <li>IndustrialAdvanced</li>
      <li>IndustrialMilitaryBasic</li>
      <li>IndustrialMilitaryAdvanced</li>
      <li>SpacerMilitary</li>
    </apparelTags>
  </PawnKindDef>
  
   <!-- ============================ Asari Slave Base ========================== -->
 
  <PawnKindDef Name="AsariSlaveBase" ParentName="AsariBase" Abstract="True">
    <combatPower>25</combatPower>
    <itemQuality>Poor</itemQuality>
    <isFighter>false</isFighter>
    <gearHealthRange>
      <min>0.2</min>
      <max>1.3</max>
    </gearHealthRange>
    <apparelMoney>
      <min>300</min>
      <max>500</max>
    </apparelMoney>
    <techHediffsMoney>
      <min>200</min>
      <max>300</max>
    </techHediffsMoney>
    <techHediffsTags>
      <li>Simple</li>
    </techHediffsTags>
    <techHediffsChance>0.001</techHediffsChance>
    <invNutrition>1.55</invNutrition>
    <inventoryOptions>
    </inventoryOptions>
  </PawnKindDef>
  
    <!-- ============================ Asari Slaves ========================== -->
  
    <PawnKindDef ParentName="AsariSlaveBase">
		<defName>AsariSlave</defName>
		<label>asari slave</label>
		<race>AlienAsari</race>
	</PawnKindDef>
	
	   <!-- ============================ Asari Refugee Base ========================== -->
 
  <PawnKindDef Name="AsariRefugeeBase" ParentName="AsariBase" Abstract="True">
    <combatPower>25</combatPower>
    <itemQuality>Normal</itemQuality>
    <isFighter>false</isFighter>
    <gearHealthRange>
      <min>0.3</min>
      <max>1.8</max>
    </gearHealthRange>
    <apparelMoney>
      <min>300</min>
      <max>500</max>
    </apparelMoney>
    <techHediffsMoney>
      <min>200</min>
      <max>300</max>
    </techHediffsMoney>
    <techHediffsTags>
      <li>Simple</li>
    </techHediffsTags>
    <techHediffsChance>0.01</techHediffsChance>
    <invNutrition>2.55</invNutrition>
    <inventoryOptions>
    </inventoryOptions>
  </PawnKindDef>
  
    <!-- ============================ Asari Refugees ========================== -->
  
    <PawnKindDef ParentName="AsariRefugeeBase">
		<defName>AsariRefugee</defName>
		<label>asari refugee</label>
		<race>AlienAsari</race>
	</PawnKindDef>
  
  <!-- ============================ Asari Civilian Base ========================== -->

  <PawnKindDef Name="AsariCivBase" ParentName="AsariBase" Abstract="True">
    <combatPower>25</combatPower>
    <itemQuality>Poor</itemQuality>
    <isFighter>false</isFighter>
    <gearHealthRange>
      <min>0.2</min>
      <max>2.0</max>
    </gearHealthRange>
    <apparelMoney>
      <min>300</min>
      <max>900</max>
    </apparelMoney>
    <weaponMoney>
      <min>150</min>
      <max>350</max>
    </weaponMoney>
    <weaponTags>
      <li>Gun</li>
      <li>NonNeolithicOnlyMelee</li>
    </weaponTags>
    <techHediffsMoney>
      <min>200</min>
      <max>300</max>
    </techHediffsMoney>
    <techHediffsTags>
      <li>Simple</li>
    </techHediffsTags>
    <techHediffsChance>0.001</techHediffsChance>
    <invNutrition>2.55</invNutrition>
    <inventoryOptions>
      <skipChance>0.75</skipChance>
      <subOptionsChooseOne>
        <li>
          <choiceChance>90</choiceChance>
          <thingDef>Silver</thingDef>
          <countRange>
            <min>25</min>
            <max>70</max>
          </countRange>
        </li>
        <li>
          <choiceChance>10</choiceChance>
          <thingDef>Silver</thingDef>
          <countRange>
            <min>700</min>
            <max>1000</max>
          </countRange>
        </li>
      </subOptionsChooseOne>
    </inventoryOptions>
  </PawnKindDef>
  
  <!-- ============================ Asari Civilians ========================== -->
  
  <PawnKindDef ParentName="AsariCivBase">
    <defName>AsariColonist</defName>
    <label>colonist</label>
    <race>AlienAsari</race>
  </PawnKindDef>

  <PawnKindDef ParentName="AsariCivBase">
    <defName>AsariMatriarch</defName>
    <race>AlienAsari</race>
    <label>matriarch</label>
    <labelPlural>matriarchs</labelPlural>
    <factionLeader>true</factionLeader>
    <minGenerationAge>600</minGenerationAge>
    <maxGenerationAge>1000</maxGenerationAge>
  </PawnKindDef>
  
  <PawnKindDef ParentName="AsariCivBase">
    <defName>AsariTrader</defName>
    <label>colony trader</label>
    <trader>true</trader>
    <race>AlienAsari</race>
  </PawnKindDef>
  
  <!-- ============================ Asari Security ========================== -->
  
  <PawnKindDef Name="AsariSecurityGuard" ParentName="AsariCivBase">
    <defName>AsariSecurityGuard</defName>
    <label>security guard</label>
    <race>AlienAsari</race>
    <combatPower>50</combatPower>
    <maxGenerationAge>600</maxGenerationAge>
    <gearHealthRange>
      <min>0.5</min>
      <max>1.8</max>
    </gearHealthRange>
    <apparelMoney>
      <min>300</min>
      <max>900</max>
    </apparelMoney>
    <weaponMoney>
      <min>200</min>
      <max>800</max>
    </weaponMoney>
    <weaponTags>
      <li>Gun</li>
    </weaponTags>
    <techHediffsMoney>
      <min>200</min>
      <max>500</max>
    </techHediffsMoney>
    <techHediffsTags>
      <li>Simple</li>
    </techHediffsTags>
    <techHediffsChance>0.001</techHediffsChance>
    <invNutrition>2.55</invNutrition>
    <inventoryOptions>
      <skipChance>0.95</skipChance>
      <thingDef>Silver</thingDef>
      <countRange>
        <min>30</min>
        <max>100</max>
      </countRange>
    </inventoryOptions>
  </PawnKindDef>
  
  <!-- ============================ Asari Military Base ========================== -->
  
  <PawnKindDef Name="AsariMilBase" ParentName="AsariBase" Abstract="True">
    <chemicalAddictionChance>0</chemicalAddictionChance>
    <isFighter>true</isFighter>
    <invNutrition>2.55</invNutrition>
    <itemQuality>Normal</itemQuality>
    <maxGenerationAge>600</maxGenerationAge>
    <gearHealthRange>
      <min>0.7</min>
      <max>2.3</max>
    </gearHealthRange>
    <apparelTags>
      <li>Outlander</li>
      <li>Military</li>
	  <li>BeltDefensePop</li>
    </apparelTags>
    <apparelMoney>
      <min>1500</min>
      <max>2800</max>
    </apparelMoney>
    <weaponMoney>
      <min>400</min>
      <max>1000</max>
    </weaponMoney>
    <weaponTags>
      <li>Gun</li>
    </weaponTags>
    <techHediffsMoney>
      <min>1000</min>
      <max>1500</max>
    </techHediffsMoney>
    <inventoryOptions>
      <skipChance>0.8</skipChance>
      <subOptionsChooseOne>
        <li>
          <thingDef>Silver</thingDef>
          <countRange>
            <min>50</min>
            <max>200</max>
          </countRange>
        </li>
        <li>
          <thingDef>MedicineIndustrial</thingDef>
          <countRange>
            <min>1</min>
            <max>1</max>
          </countRange>
        </li>
      </subOptionsChooseOne>
    </inventoryOptions>
  </PawnKindDef>
  
  <!-- ============================ Asari Military ========================== -->
  
  <PawnKindDef ParentName="AsariMilBase">
    <defName>AsariRecruit</defName>
    <label>recruit</label>
    <combatPower>70</combatPower>
    <race>AlienAsari</race>
  </PawnKindDef>
  
  <PawnKindDef Name="AsariHuntresses" ParentName="AsariMilBase">
    <defName>AsariHuntress</defName>
    <label>huntresses</label>
    <race>AlienAsari</race>
    <combatPower>90</combatPower>
    <minGenerationAge>100</minGenerationAge>
    <gearHealthRange>
      <min>0.7</min>
      <max>2.3</max>
    </gearHealthRange>
    <apparelTags>
      <li>Outlander</li>
      <li>Military</li>
	  <li>BeltDefensePop</li>
	  <li>RangedShieldBelt</li>
    </apparelTags>
    <apparelMoney>
      <min>1500</min>
      <max>2500</max>
    </apparelMoney>
    <weaponMoney>
      <min>1200</min>
      <max>1800</max>
    </weaponMoney>
    <weaponTags>
      <li>SniperRifle</li>
    </weaponTags>
    <techHediffsMoney>
      <min>1000</min>
      <max>1500</max>
    </techHediffsMoney>
    <combatEnhancingDrugsCount>
      <min>0</min>
      <max>2</max>
    </combatEnhancingDrugsCount>
    <techHediffsTags>
      <li>Advanced</li>
    </techHediffsTags>
    <techHediffsChance>0.003</techHediffsChance>
    <inventoryOptions>
      <skipChance>0.8</skipChance>
      <subOptionsChooseOne>
        <li>
          <thingDef>Silver</thingDef>
          <countRange>
            <min>50</min>
            <max>200</max>
          </countRange>
        </li>
        <li>
          <thingDef>MedicineIndustrial</thingDef>
          <countRange>
            <min>1</min>
            <max>1</max>
          </countRange>
        </li>
      </subOptionsChooseOne>
    </inventoryOptions>
  </PawnKindDef>
  

  <PawnKindDef Name="AsariCommando" ParentName="AsariMilBase">
    <defName>AsariCommando</defName>
    <label>commando</label>
    <race>AlienAsari</race>
    <combatPower>135</combatPower>
    <minGenerationAge>200</minGenerationAge>
    <gearHealthRange>
      <min>0.5</min>
      <max>2.3</max>
    </gearHealthRange>
    <apparelTags>
      <li>Outlander</li>
      <li>Military</li>
	  <li>BeltDefensePop</li>
	  <li>RangedShieldBelt</li>
    </apparelTags>
    <apparelMoney>
      <min>1000</min>
      <max>2600</max>
    </apparelMoney>
    <weaponMoney>
      <min>1200</min>
      <max>2000</max>
    </weaponMoney>
    <weaponTags>
      <li>Gun</li>
    </weaponTags>
    <techHediffsMoney>
      <min>2000</min>
      <max>3000</max>
    </techHediffsMoney>
    <combatEnhancingDrugsCount>
      <min>0</min>
      <max>2</max>
    </combatEnhancingDrugsCount>
    <techHediffsTags>
      <li>Advanced</li>
    </techHediffsTags>
    <techHediffsChance>0.08</techHediffsChance>
    <inventoryOptions>
      <skipChance>0.8</skipChance>
      <subOptionsChooseOne>
        <li>
          <thingDef>Silver</thingDef>
          <countRange>
            <min>180</min>
            <max>400</max>
          </countRange>
        </li>
        <li>
          <thingDef>MedicineIndustrial</thingDef>
          <countRange>
            <min>1</min>
            <max>2</max>
          </countRange>
        </li>
      </subOptionsChooseOne>
    </inventoryOptions>
  </PawnKindDef>
  
  <PawnKindDef Name="AsariCommandoElite" ParentName="AsariCommando">
     <defName>AsariCommandoElite</defName>
    <label>elite commando</label>
    <race>AlienAsari</race>
    <combatPower>220</combatPower>
    <minGenerationAge>300</minGenerationAge>
    <gearHealthRange>
      <min>0.8</min>
      <max>3.5</max>
    </gearHealthRange>
    <apparelTags>
      <li>Military</li>
      <li>Spacer</li>
	  <li>BeltDefensePop</li>
	  <li>RangedShieldBelt</li>
    </apparelTags>
    <apparelMoney>
      <min>2500</min>
      <max>4200</max>
    </apparelMoney>
    <weaponMoney>
      <min>1600</min>
      <max>2000</max>
    </weaponMoney>
    <weaponTags>
		<li>EliteGun</li>
		<li>AdvancedGun</li>
    </weaponTags>
    <techHediffsMoney>
      <min>2000</min>
      <max>3000</max>
    </techHediffsMoney>
    <combatEnhancingDrugsCount>
      <min>1</min>
      <max>2</max>
    </combatEnhancingDrugsCount>
    <combatEnhancingDrugsChance>0.1</combatEnhancingDrugsChance>
    <techHediffsTags>
      <li>Advanced</li>
    </techHediffsTags>
    <techHediffsChance>0.08</techHediffsChance>
    <inventoryOptions>
      <skipChance>0.8</skipChance>
      <subOptionsChooseOne>
        <li>
          <thingDef>Silver</thingDef>
          <countRange>
            <min>120</min>
            <max>480</max>
          </countRange>
        </li>
        <li>
          <thingDef>MedicineIndustrial</thingDef>
          <countRange>
            <min>1</min>
            <max>2</max>
          </countRange>
        </li>
      </subOptionsChooseOne>
    </inventoryOptions>
  </PawnKindDef>

</Defs>
