<Defs>
	<ThoughtDef>
		<defName>KroganPain</defName>
		<workerClass>ThoughtWorker_Pain</workerClass>
		<validWhileDespawned>true</validWhileDespawned>
		<nullifyingTraits>
			<li>Masochist</li>
		</nullifyingTraits>
		<stages>
			<li>
				<label>in a little pain</label>
				<description>'Tis but a scratch.</description>
				<baseMoodEffect>-2</baseMoodEffect>
			</li>
			<li>
				<label>in a moderate amount of pain</label>
				<description>Just a flesh wound.</description>
				<baseMoodEffect>-5</baseMoodEffect>
			</li>
			<li>
				<label>experiencing acute pain</label>
				<description>I've had worse.</description>
				<baseMoodEffect>-7</baseMoodEffect>
			</li>
			<li>
				<label>in shock from exceptional pain</label>
				<description>AAAAAHHH! Kill me now! Or I'll kill you!</description>
				<baseMoodEffect>-15</baseMoodEffect>
			</li>
		</stages>
	</ThoughtDef>
     
  </Defs>