<?xml version="1.0" encoding="utf-8" ?>
<Defs>

 
	<AlienRace.BackstoryDef>
    <defName>Hchild01</defName>
    <title>1st ephyra</title>
    <titleShort>1st ephyra</titleShort>
    <baseDescription>[PAWN_nameDef] was the first segment to leave their polyp.</baseDescription>
    <bodyTypeGlobal>Thin</bodyTypeGlobal>
	    <maleCommonality>50</maleCommonality>
	    <femaleCommonality>50</femaleCommonality>
    <slot>Childhood</slot>
    <skillGains>
      <li>
        <defName>Intellectual</defName>
        <amount>6</amount>
      </li>
	</skillGains>
	<workDisables><li>Hauling</li><li>PlantWork</li><li>Firefighting</li><li>Mining</li></workDisables>
	<spawnCategories>
      <li>HanarBackstory</li>
    </spawnCategories>
	</AlienRace.BackstoryDef>
  
	<AlienRace.BackstoryDef>
    <defName>Hchild02</defName>
    <title>2nd ephyra</title>
    <titleShort>2nd ephyra</titleShort>
    <baseDescription>[PAWN_nameDef] was the second segment to leave their polyp.</baseDescription>
    <bodyTypeGlobal>Thin</bodyTypeGlobal>	
	    <maleCommonality>50</maleCommonality>
	    <femaleCommonality>50</femaleCommonality>
    <slot>Childhood</slot>
    <skillGains>
      <li>
        <defName>Animals</defName>
        <amount>6</amount>
      </li>
	</skillGains>
	<workDisables><li>Hauling</li><li>PlantWork</li><li>Firefighting</li><li>Mining</li></workDisables>
	<spawnCategories>
      <li>HanarBackstory</li>
    </spawnCategories>
	</AlienRace.BackstoryDef>
  
	<AlienRace.BackstoryDef>
    <defName>Hchild03</defName>
    <title>3rd ephyra</title>
    <titleShort>3rd ephyra</titleShort>
    <baseDescription>[PAWN_nameDef] was the third segment to leave their polyp.</baseDescription>
    <bodyTypeGlobal>Thin</bodyTypeGlobal>	
	    <maleCommonality>50</maleCommonality>
	    <femaleCommonality>50</femaleCommonality>
    <slot>Childhood</slot>
    <skillGains>
      <li>
        <defName>Cooking</defName>
        <amount>6</amount>
      </li>
	</skillGains>
	<workDisables><li>Hauling</li><li>PlantWork</li><li>Firefighting</li><li>Mining</li></workDisables>
	<spawnCategories>
      <li>HanarBackstory</li>
    </spawnCategories>
	</AlienRace.BackstoryDef> 
  
	<AlienRace.BackstoryDef>
    <defName>Hchild04</defName>
    <title>4th ephyra</title>
    <titleShort>4th ephyra</titleShort>
    <baseDescription>[PAWN_nameDef] was the fourth segment to leave their polyp.</baseDescription>
    <bodyTypeGlobal>Thin</bodyTypeGlobal>
	    <maleCommonality>50</maleCommonality>
	    <femaleCommonality>50</femaleCommonality>
    <slot>Childhood</slot>
    <skillGains>
      <li>
        <defName>Shooting</defName>
        <amount>6</amount>
      </li>
	</skillGains>
	<workDisables><li>Hauling</li><li>PlantWork</li><li>Firefighting</li><li>Mining</li></workDisables>
	<spawnCategories>
      <li>HanarBackstory</li>
    </spawnCategories>
	</AlienRace.BackstoryDef> 
	
	<AlienRace.BackstoryDef>
    <defName>Hchild05</defName>
    <title>5th ephyra</title>
    <titleShort>5th ephyra</titleShort>
    <baseDescription>[PAWN_nameDef] was the fifth segment to leave their polyp.</baseDescription>
    <bodyTypeGlobal>Thin</bodyTypeGlobal>
	    <maleCommonality>50</maleCommonality>
	    <femaleCommonality>50</femaleCommonality>
    <slot>Childhood</slot>
    <skillGains>
      <li>
        <defName>Crafting</defName>
        <amount>6</amount>
      </li>
	</skillGains>
	<workDisables><li>Hauling</li><li>PlantWork</li><li>Firefighting</li><li>Mining</li></workDisables>
	<spawnCategories>
      <li>HanarBackstory</li>
    </spawnCategories>
	</AlienRace.BackstoryDef> 
	
	<AlienRace.BackstoryDef>
    <defName>Hchild06</defName>
    <title>6th ephyra</title>
    <titleShort>6th ephyra</titleShort>
    <baseDescription>[PAWN_nameDef] was the sixth segment to leave their polyp.</baseDescription>
    <bodyTypeGlobal>Thin</bodyTypeGlobal>
	    <maleCommonality>50</maleCommonality>
	    <femaleCommonality>50</femaleCommonality>
    <slot>Childhood</slot>
    <skillGains>
      <li>
        <defName>Artistic</defName>
        <amount>6</amount>
      </li>
	</skillGains>
	<workDisables><li>Hauling</li><li>PlantWork</li><li>Firefighting</li><li>Mining</li></workDisables>
	<spawnCategories>
      <li>HanarBackstory</li>
    </spawnCategories>
	</AlienRace.BackstoryDef> 
	
	<AlienRace.BackstoryDef>
    <defName>Hchild07</defName>
    <title>7th ephyra</title>
    <titleShort>7th ephyra</titleShort>
    <baseDescription>[PAWN_nameDef] was the seventh segment to leave their polyp.</baseDescription>
    <bodyTypeGlobal>Thin</bodyTypeGlobal>
	    <maleCommonality>50</maleCommonality>
	    <femaleCommonality>50</femaleCommonality>
    <slot>Childhood</slot>
    <skillGains>
      <li>
        <defName>Social</defName>
        <amount>6</amount>
      </li>
	</skillGains>
	<workDisables><li>Hauling</li><li>PlantWork</li><li>Firefighting</li><li>Mining</li></workDisables>
	<spawnCategories>
      <li>HanarBackstory</li>
    </spawnCategories>
	</AlienRace.BackstoryDef> 
	
		<AlienRace.BackstoryDef>
    <defName>Hchild08</defName>
    <title>8th ephyra</title>
    <titleShort>8th ephyra</titleShort>
    <baseDescription>[PAWN_nameDef] was the eight segment to leave their polyp.</baseDescription>
    <bodyTypeGlobal>Thin</bodyTypeGlobal>	
	    <maleCommonality>50</maleCommonality>
	    <femaleCommonality>50</femaleCommonality>
    <slot>Childhood</slot>
    <skillGains>
      <li>
        <defName>Medicine</defName>
        <amount>6</amount>
      </li>
	</skillGains>
	<workDisables><li>Hauling</li><li>PlantWork</li><li>Firefighting</li><li>Mining</li></workDisables>
	<spawnCategories>
      <li>HanarBackstory</li>
    </spawnCategories>
	</AlienRace.BackstoryDef> 
	
	<AlienRace.BackstoryDef>
    <defName>Hchild09</defName>
    <title>9th ephyra</title>
    <titleShort>9th ephyra</titleShort>
    <baseDescription>[PAWN_nameDef] was the ninth segment to leave their polyp.</baseDescription>
    <bodyTypeGlobal>Thin</bodyTypeGlobal>
	    <maleCommonality>50</maleCommonality>
	    <femaleCommonality>50</femaleCommonality>
    <slot>Childhood</slot>
    <skillGains>
      <li>
        <defName>Construction</defName>
        <amount>6</amount>
      </li>
	</skillGains>
	<workDisables><li>Hauling</li><li>PlantWork</li><li>Firefighting</li><li>Mining</li></workDisables>
	<spawnCategories>
      <li>HanarBackstory</li>
    </spawnCategories>
	</AlienRace.BackstoryDef> 
	
	<AlienRace.BackstoryDef>
    <defName>Hchild10</defName>
    <title>10th ephyra</title>
    <titleShort>10th ephyra</titleShort>
    <baseDescription>[PAWN_nameDef] was the tenth segment to leave their polyp.</baseDescription>
    <bodyTypeGlobal>Thin</bodyTypeGlobal>
	    <maleCommonality>50</maleCommonality>
	    <femaleCommonality>50</femaleCommonality>
    <slot>Childhood</slot>
    <skillGains>
      <li>
        <defName>Intellectual</defName>
        <amount>5</amount>
      </li>
	</skillGains>
	<workDisables><li>Hauling</li><li>PlantWork</li><li>Firefighting</li><li>Mining</li></workDisables>
	<spawnCategories>
      <li>HanarBackstory</li>
    </spawnCategories>
	</AlienRace.BackstoryDef> 
	
	  
  	<AlienRace.BackstoryDef>
    <defName>Hadult01</defName>
    <title>Enkindler preacher</title>
    <titleShort>Preacher</titleShort>
    <baseDescription>[PAWN_nameDef] knows how to spread the word of the Enkindlers.</baseDescription>
    <bodyTypeGlobal>Thin</bodyTypeGlobal>
	    <maleCommonality>25</maleCommonality>
	    <femaleCommonality>25</femaleCommonality>
    <slot>Adulthood</slot>
    <skillGains>
      <li>
        <defName>Social</defName>
        <amount>8</amount>
      </li>
	</skillGains>
	<spawnCategories>
      <li>HanarBackstory</li>
    </spawnCategories>
	</AlienRace.BackstoryDef> 
  
   	<AlienRace.BackstoryDef>
    <defName>Hadult02</defName>
    <title>Enkindler researcher</title>
    <titleShort>Researcher</titleShort>
    <baseDescription>[PAWN_nameDef] used to research the Prothean civilization.</baseDescription>
    <bodyTypeGlobal>Thin</bodyTypeGlobal>
	    <maleCommonality>25</maleCommonality>
	    <femaleCommonality>25</femaleCommonality>
    <slot>Adulthood</slot>
    <skillGains>
      <li>
        <defName>Intellectual</defName>
        <amount>7</amount>
      </li>
	</skillGains>
	<spawnCategories>
      <li>HanarBackstory</li>
    </spawnCategories>
	</AlienRace.BackstoryDef> 
  
   	<AlienRace.BackstoryDef>
    <defName>Hadult03</defName>
    <title>Enkindler disciple</title>
    <titleShort>Disciple</titleShort>
    <baseDescription>[PAWN_nameDef] used to study the Enkindler's will.</baseDescription>
    <bodyTypeGlobal>Thin</bodyTypeGlobal>
	    <maleCommonality>75</maleCommonality>
	    <femaleCommonality>75</femaleCommonality>
    <slot>Adulthood</slot>
    <skillGains>
      <li>
        <defName>Intellectual</defName>
        <amount>4</amount>
      </li>
      <li>
        <defName>Social</defName>
        <amount>5</amount>
      </li>
	</skillGains>
	<spawnCategories>
      <li>HanarBackstory</li>
    </spawnCategories>
	</AlienRace.BackstoryDef> 
  
  	<AlienRace.BackstoryDef>
    <defName>Hadult04</defName>
    <title>Ranch overseer</title>
    <titleShort>Ranch overseer</titleShort>
    <baseDescription>[PAWN_nameDef] used to watch over a ranch.</baseDescription>
    <bodyTypeGlobal>Thin</bodyTypeGlobal>
	    <maleCommonality>10</maleCommonality>
	    <femaleCommonality>10</femaleCommonality>
    <slot>Adulthood</slot>
    <skillGains>
      <li>
        <defName>Animals</defName>
        <amount>7</amount>
      </li>
	</skillGains>
	<spawnCategories>
      <li>HanarBackstory</li>
    </spawnCategories>
	</AlienRace.BackstoryDef> 
  
   	<AlienRace.BackstoryDef>
    <defName>Hadult05</defName>
    <title>Constructor</title>
    <titleShort>Constructor</titleShort>
    <baseDescription>[PAWN_nameDef] used to be a constructor, planning and realizing stuctures.</baseDescription>
    <bodyTypeGlobal>Thin</bodyTypeGlobal>
	    <maleCommonality>10</maleCommonality>
	    <femaleCommonality>10</femaleCommonality>
    <slot>Adulthood</slot>
    <skillGains>
      <li>
        <defName>Construction</defName>
        <amount>7</amount>
      </li>
	</skillGains>
	<spawnCategories>
      <li>HanarBackstory</li>
    </spawnCategories>
	</AlienRace.BackstoryDef> 
	
   	<AlienRace.BackstoryDef>
    <defName>Hadult06</defName>
    <title>Technician</title>
    <titleShort>Technician</titleShort>
    <baseDescription>[PAWN_nameDef] used to be a technician, maintaining and creating equipment.</baseDescription>
    <bodyTypeGlobal>Thin</bodyTypeGlobal>
	    <maleCommonality>10</maleCommonality>
	    <femaleCommonality>10</femaleCommonality>
    <slot>Adulthood</slot>
    <skillGains>
      <li>
        <defName>Crafting</defName>
        <amount>7</amount>
      </li>
	</skillGains>
	<spawnCategories>
      <li>HanarBackstory</li>
    </spawnCategories>
	</AlienRace.BackstoryDef> 
	
	<AlienRace.BackstoryDef>
    <defName>Hadult07</defName>
    <title>Water purification agent</title>
    <titleShort>Purification agent</titleShort>
    <baseDescription>[PAWN_nameDef] used to work as a water purification agent, responsible for maintaining a certain water purity standard.</baseDescription>
    <bodyTypeGlobal>Thin</bodyTypeGlobal>
	    <maleCommonality>10</maleCommonality>
	    <femaleCommonality>10</femaleCommonality>
    <slot>Adulthood</slot>
    <skillGains>
      <li>
        <defName>Intellectual</defName>
        <amount>4</amount>
      </li>
      <li>
        <defName>Crafting</defName>
        <amount>4</amount>
      </li>
	      <li>
        <defName>Social</defName>
        <amount>2</amount>
      </li>
	</skillGains>
	<spawnCategories>
      <li>HanarBackstory</li>
    </spawnCategories>
	</AlienRace.BackstoryDef> 
	
	<AlienRace.BackstoryDef>
    <defName>Hadult08</defName>
    <title>Public servant</title>
    <titleShort>Public servant</titleShort>
    <baseDescription>[PAWN_nameDef] used to be a public servant, providing support to those in need.</baseDescription>
    <bodyTypeGlobal>Thin</bodyTypeGlobal>
	    <maleCommonality>10</maleCommonality>
	    <femaleCommonality>10</femaleCommonality>
    <slot>Adulthood</slot>
    <skillGains>
      <li>
        <defName>Social</defName>
        <amount>7</amount>
      </li>
	</skillGains>
	<spawnCategories>
      <li>HanarBackstory</li>
    </spawnCategories>
	</AlienRace.BackstoryDef> 
	
	<AlienRace.BackstoryDef>
    <defName>Hadult09</defName>
    <title>Security specialist</title>
    <titleShort>Security specialist</titleShort>
    <baseDescription>[PAWN_nameDef] used to be a security specialist. The Hanar usually do not make very good soldiers, but there are places that only a Hanar can protect.</baseDescription>
    <bodyTypeMale>Male</bodyTypeMale> <bodyTypeFemale>Female</bodyTypeFemale>	
    <maleCommonality>10</maleCommonality>
	<femaleCommonality>10</femaleCommonality>
    <slot>Adulthood</slot>
    <skillGains>
      <li>
        <defName>Shooting</defName>
        <amount>5</amount>
      </li>
      <li>
        <defName>Melee</defName>
        <amount>1</amount>
      </li>
	</skillGains>
	<spawnCategories>
      <li>HanarBackstory</li>
    </spawnCategories>
	</AlienRace.BackstoryDef> 
	
	<AlienRace.BackstoryDef>
    <defName>Hadult10</defName>
    <title>Physician</title>
    <titleShort>Physician</titleShort>
    <baseDescription>[PAWN_nameDef] used to be a doctor, administering injections and mending wounds.</baseDescription>
    <bodyTypeGlobal>Thin</bodyTypeGlobal>
	<maleCommonality>10</maleCommonality>
	<femaleCommonality>10</femaleCommonality>
    <slot>Adulthood</slot>
    <skillGains>
       <li>
        <defName>Medicine</defName>
        <amount>6</amount>
      </li>
	  <li>
        <defName>Animals</defName>
        <amount>3</amount>
      </li>
	</skillGains>
	<spawnCategories>
      <li>HanarBackstory</li>
    </spawnCategories>
	</AlienRace.BackstoryDef> 
  
  	<AlienRace.BackstoryDef>
    <defName>Hadult11</defName>
    <title>Sculptor</title>
    <titleShort>Sculptor</titleShort>
    <baseDescription>[PAWN_nameDef] used to chisel objects into artistic potrayals of the Enkindler's will.</baseDescription>
    <bodyTypeGlobal>Thin</bodyTypeGlobal>
	<maleCommonality>10</maleCommonality>
	<femaleCommonality>10</femaleCommonality>
    <slot>Adulthood</slot>
    <skillGains>
       <li>
        <defName>Artistic</defName>
        <amount>7</amount>
      </li>
	</skillGains>
	<spawnCategories>
      <li>HanarBackstory</li>
    </spawnCategories>
	</AlienRace.BackstoryDef> 
	
	  	<AlienRace.BackstoryDef>
    <defName>Hadult12</defName>
    <title>Enkindler preacher</title>
    <titleShort>Preacher</titleShort>
    <baseDescription>[PAWN_nameDef] knows how to spread the word of the Enkindlers.</baseDescription>
    <bodyTypeGlobal>Thin</bodyTypeGlobal>
	    <maleCommonality>25</maleCommonality>
	    <femaleCommonality>25</femaleCommonality>
    <slot>Adulthood</slot>
    <skillGains>
      <li>
        <defName>Social</defName>
        <amount>8</amount>
      </li>
	</skillGains>
	<spawnCategories>
      <li>HanarBackstory</li>
    </spawnCategories>
	</AlienRace.BackstoryDef> 
	
	  	<AlienRace.BackstoryDef>
    <defName>Hadult13</defName>
    <title>Enkindler preacher</title>
    <titleShort>Preacher</titleShort>
    <baseDescription>[PAWN_nameDef] knows how to spread the word of the Enkindlers.</baseDescription>
    <bodyTypeGlobal>Thin</bodyTypeGlobal>
	    <maleCommonality>25</maleCommonality>
	    <femaleCommonality>25</femaleCommonality>
    <slot>Adulthood</slot>
    <skillGains>
      <li>
        <defName>Social</defName>
        <amount>8</amount>
      </li>
	</skillGains>
	<spawnCategories>
      <li>HanarBackstory</li>
    </spawnCategories>
	</AlienRace.BackstoryDef> 
	
	   	<AlienRace.BackstoryDef>
    <defName>Hadult14</defName>
    <title>Enkindler researcher</title>
    <titleShort>Researcher</titleShort>
    <baseDescription>[PAWN_nameDef] used to research the Prothean civilization.</baseDescription>
    <bodyTypeGlobal>Thin</bodyTypeGlobal>
	    <maleCommonality>25</maleCommonality>
	    <femaleCommonality>25</femaleCommonality>
    <slot>Adulthood</slot>
    <skillGains>
      <li>
        <defName>Intellectual</defName>
        <amount>7</amount>
      </li>
	</skillGains>
	<spawnCategories>
      <li>HanarBackstory</li>
    </spawnCategories>
	</AlienRace.BackstoryDef> 
	
	   	<AlienRace.BackstoryDef>
    <defName>Hadult15</defName>
    <title>Enkindler researcher</title>
    <titleShort>Researcher</titleShort>
    <baseDescription>[PAWN_nameDef] used to research the Prothean civilization.</baseDescription>
    <bodyTypeGlobal>Thin</bodyTypeGlobal>
	    <maleCommonality>25</maleCommonality>
	    <femaleCommonality>25</femaleCommonality>
    <slot>Adulthood</slot>
    <skillGains>
      <li>
        <defName>Intellectual</defName>
        <amount>7</amount>
      </li>
	</skillGains>
	<spawnCategories>
      <li>HanarBackstory</li>
    </spawnCategories>
	</AlienRace.BackstoryDef> 
	
	   	<AlienRace.BackstoryDef>
    <defName>Hadult16</defName>
    <title>Enkindler disciple</title>
    <titleShort>Disciple</titleShort>
    <baseDescription>[PAWN_nameDef] used to study the Enkindler's will.</baseDescription>
    <bodyTypeGlobal>Thin</bodyTypeGlobal>
	    <maleCommonality>75</maleCommonality>
	    <femaleCommonality>75</femaleCommonality>
    <slot>Adulthood</slot>
    <skillGains>
      <li>
        <defName>Intellectual</defName>
        <amount>4</amount>
      </li>
      <li>
        <defName>Social</defName>
        <amount>5</amount>
      </li>
	</skillGains>
	<spawnCategories>
      <li>HanarBackstory</li>
    </spawnCategories>
	</AlienRace.BackstoryDef> 
	
	   	<AlienRace.BackstoryDef>
    <defName>Hadult17</defName>
    <title>Enkindler disciple</title>
    <titleShort>Disciple</titleShort>
    <baseDescription>[PAWN_nameDef] used to study the Enkindler's will.</baseDescription>
    <bodyTypeGlobal>Thin</bodyTypeGlobal>
	    <maleCommonality>75</maleCommonality>
	    <femaleCommonality>75</femaleCommonality>
    <slot>Adulthood</slot>
    <skillGains>
      <li>
        <defName>Intellectual</defName>
        <amount>4</amount>
      </li>
      <li>
        <defName>Social</defName>
        <amount>5</amount>
      </li>
	</skillGains>
	<spawnCategories>
      <li>HanarBackstory</li>
    </spawnCategories>
	</AlienRace.BackstoryDef> 
	
	   	<AlienRace.BackstoryDef>
    <defName>Hadult18</defName>
    <title>Enkindler disciple</title>
    <titleShort>Disciple</titleShort>
    <baseDescription>[PAWN_nameDef] used to study the Enkindler's will.</baseDescription>
    <bodyTypeGlobal>Thin</bodyTypeGlobal>
	    <maleCommonality>75</maleCommonality>
	    <femaleCommonality>75</femaleCommonality>
    <slot>Adulthood</slot>
    <skillGains>
      <li>
        <defName>Intellectual</defName>
        <amount>4</amount>
      </li>
      <li>
        <defName>Social</defName>
        <amount>5</amount>
      </li>
	</skillGains>
	<spawnCategories>
      <li>HanarBackstory</li>
    </spawnCategories>
	</AlienRace.BackstoryDef> 
	
	   	<AlienRace.BackstoryDef>
    <defName>Hadult19</defName>
    <title>Enkindler disciple</title>
    <titleShort>Disciple</titleShort>
    <baseDescription>[PAWN_nameDef] used to study the Enkindler's will.</baseDescription>
    <bodyTypeGlobal>Thin</bodyTypeGlobal>
	    <maleCommonality>75</maleCommonality>
	    <femaleCommonality>75</femaleCommonality>
    <slot>Adulthood</slot>
    <skillGains>
      <li>
        <defName>Intellectual</defName>
        <amount>4</amount>
      </li>
      <li>
        <defName>Social</defName>
        <amount>5</amount>
      </li>
	</skillGains>
	<spawnCategories>
      <li>HanarBackstory</li>
    </spawnCategories>
	</AlienRace.BackstoryDef> 
	
	   	<AlienRace.BackstoryDef>
    <defName>Hadult20</defName>
    <title>Enkindler disciple</title>
    <titleShort>Disciple</titleShort>
    <baseDescription>[PAWN_nameDef] used to study the Enkindler's will.</baseDescription>
    <bodyTypeGlobal>Thin</bodyTypeGlobal>
	    <maleCommonality>75</maleCommonality>
	    <femaleCommonality>75</femaleCommonality>
    <slot>Adulthood</slot>
    <skillGains>
      <li>
        <defName>Intellectual</defName>
        <amount>4</amount>
      </li>
      <li>
        <defName>Social</defName>
        <amount>5</amount>
      </li>
	</skillGains>
	<spawnCategories>
      <li>HanarBackstory</li>
    </spawnCategories>
	</AlienRace.BackstoryDef> 
	
	   	<AlienRace.BackstoryDef>
    <defName>Hadult21</defName>
    <title>Enkindler disciple</title>
    <titleShort>Disciple</titleShort>
    <baseDescription>[PAWN_nameDef] used to study the Enkindler's will.</baseDescription>
    <bodyTypeGlobal>Thin</bodyTypeGlobal>
	    <maleCommonality>75</maleCommonality>
	    <femaleCommonality>75</femaleCommonality>
    <slot>Adulthood</slot>
    <skillGains>
      <li>
        <defName>Intellectual</defName>
        <amount>4</amount>
      </li>
      <li>
        <defName>Social</defName>
        <amount>5</amount>
      </li>
	</skillGains>
	<spawnCategories>
      <li>HanarBackstory</li>
    </spawnCategories>
	</AlienRace.BackstoryDef> 
	
	   	<AlienRace.BackstoryDef>
    <defName>Hadult22</defName>
    <title>Enkindler disciple</title>
    <titleShort>Disciple</titleShort>
    <baseDescription>[PAWN_nameDef] used to study the Enkindler's will.</baseDescription>
    <bodyTypeGlobal>Thin</bodyTypeGlobal>
	    <maleCommonality>75</maleCommonality>
	    <femaleCommonality>75</femaleCommonality>
    <slot>Adulthood</slot>
    <skillGains>
      <li>
        <defName>Intellectual</defName>
        <amount>4</amount>
      </li>
      <li>
        <defName>Social</defName>
        <amount>5</amount>
      </li>
	</skillGains>
	<spawnCategories>
      <li>HanarBackstory</li>
    </spawnCategories>
	</AlienRace.BackstoryDef> 
	
	  </Defs>