<?xml version="1.0" encoding="utf-8" ?>
<Defs>

  	<AlienRace.BackstoryDef>
    <defName>VAdult01</defName>
    <title>Elder</title>
    <titleShort>Elder</titleShort>
    <baseDescription>[PAWN_nameDef] is a very old Vorcha.</baseDescription>
    <bodyTypeGlobal>Thin</bodyTypeGlobal>	
    <slot>Adulthood</slot>
    <skillGains>
      <li>
        <defName>Social</defName>
        <amount>20</amount>
      </li>
	</skillGains>
	<spawnCategories>
      <li>VorchaBackstory</li>
    </spawnCategories>
	</AlienRace.BackstoryDef> 
 
	<AlienRace.BackstoryDef>
    <defName>VChild01</defName>
    <title>Sower</title>
    <titleShort>Sower</titleShort>
    <baseDescription>[PAWN_nameDef] knows how to sow a land for growing.</baseDescription>
    <bodyTypeGlobal>Thin</bodyTypeGlobal>	
    <slot>Childhood</slot>
    <skillGains>
      <li>
        <defName>Melee</defName>
        <amount>3</amount>
      </li>
	  <li>
        <defName>Plants</defName>
        <amount>5</amount>
      </li>
	</skillGains>
	<spawnCategories>
      <li>VorchaBackstory</li>
    </spawnCategories>
	</AlienRace.BackstoryDef>
  
	<AlienRace.BackstoryDef>
    <defName>VChild02</defName>
    <title>Animal caretaker</title>
    <titleShort>Animal caretaker</titleShort>
    <baseDescription>[PAWN_nameDef] knows how to take care of animals.</baseDescription>
    <bodyTypeGlobal>Thin</bodyTypeGlobal>	
    <slot>Childhood</slot>
    <skillGains>
      <li>
        <defName>Animals</defName>
        <amount>6</amount>
      </li>
      <li>
        <defName>Construction</defName>
        <amount>2</amount>
      </li>
	</skillGains>
	<spawnCategories>
      <li>VorchaBackstory</li>
    </spawnCategories>
	</AlienRace.BackstoryDef>
  
	<AlienRace.BackstoryDef>
    <defName>VChild03</defName>
    <title>Blacksmith</title>
    <titleShort>Blacksmith</titleShort>
    <baseDescription>[PAWN_nameDef] knows how to craft tools and weapons.</baseDescription>
    <bodyTypeGlobal>Thin</bodyTypeGlobal>	
    <slot>Childhood</slot>
    <skillGains>
      <li>
        <defName>Melee</defName>
        <amount>3</amount>
      </li>
	  <li>
        <defName>Crafting</defName>
        <amount>5</amount>
      </li>
	</skillGains>
	<spawnCategories>
      <li>VorchaBackstory</li>
    </spawnCategories>
	</AlienRace.BackstoryDef> 
  
	<AlienRace.BackstoryDef>
    <defName>VChild04</defName>
    <title>Pot master</title>
    <titleShort>Pot master</titleShort>
    <baseDescription>[PAWN_nameDef] knows how to take care a tribe's cooking pot.</baseDescription>
    <bodyTypeGlobal>Thin</bodyTypeGlobal>	
    <slot>Childhood</slot>
    <skillGains>
      <li>
        <defName>Social</defName>
        <amount>3</amount>
      </li>
	  <li>
        <defName>Cooking</defName>
        <amount>6</amount>
      </li>
	</skillGains>
	<spawnCategories>
      <li>VorchaBackstory</li>
    </spawnCategories>
	</AlienRace.BackstoryDef> 
	
	<AlienRace.BackstoryDef>
    <defName>VChild05</defName>
    <title>Lumberjack</title>
    <titleShort>Lumberjack</titleShort>
    <baseDescription>[PAWN_nameDef] knows how to cut trees and build.</baseDescription>
    <bodyTypeGlobal>Thin</bodyTypeGlobal>	
    <slot>Childhood</slot>
    <skillGains>
	  <li>
        <defName>Melee</defName>
        <amount>3</amount>
      </li>
      <li>
        <defName>Construction</defName>
        <amount>3</amount>
      </li>
	  <li>
        <defName>Plants</defName>
        <amount>3</amount>
      </li>
	</skillGains>
	<spawnCategories>
      <li>VorchaBackstory</li>
    </spawnCategories>
	</AlienRace.BackstoryDef> 
	
	<AlienRace.BackstoryDef>
    <defName>VChild06</defName>
    <title>Miner</title>
    <titleShort>Miner</titleShort>
    <baseDescription>[PAWN_nameDef] knows how to mine.</baseDescription>
    <bodyTypeGlobal>Thin</bodyTypeGlobal>	
    <slot>Childhood</slot>
    <skillGains>
      <li>
        <defName>Mining</defName>
        <amount>6</amount>
      </li>
	  <li>
        <defName>Melee</defName>
        <amount>2</amount>
      </li>
	</skillGains>
	<spawnCategories>
      <li>VorchaBackstory</li>
    </spawnCategories>
	</AlienRace.BackstoryDef> 
	
	<AlienRace.BackstoryDef>
    <defName>VChild07</defName>
    <title>Warrior</title>
    <titleShort>Warrior</titleShort>
    <baseDescription>[PAWN_nameDef] knows how to fight.</baseDescription>
    <bodyTypeGlobal>Thin</bodyTypeGlobal>	
    <slot>Childhood</slot>
    <skillGains>
      <li>
        <defName>Shooting</defName>
        <amount>4</amount>
      </li>
	  <li>
        <defName>Melee</defName>
        <amount>4</amount>
      </li>
	</skillGains>
	<spawnCategories>
      <li>VorchaBackstory</li>
    </spawnCategories>
	</AlienRace.BackstoryDef> 
	
	<AlienRace.BackstoryDef>
    <defName>VChild08</defName>
    <title>Brawler</title>
    <titleShort>Brawler</titleShort>
    <baseDescription>[PAWN_nameDef] knows how to fight in a melee.</baseDescription>
    <bodyTypeGlobal>Thin</bodyTypeGlobal>	
    <slot>Childhood</slot>
    <skillGains>
      <li>
        <defName>Melee</defName>
        <amount>6</amount>
      </li>
	</skillGains>
		<forcedTraits>
        <li>
            <defName>Brawler</defName>
			<chance>75</chance>
        </li>
	</forcedTraits>
	<spawnCategories>
      <li>VorchaBackstory</li>
    </spawnCategories>
	</AlienRace.BackstoryDef> 
	
	<AlienRace.BackstoryDef>
    <defName>VChild09</defName>
    <title>Slave</title>
    <titleShort>Slave</titleShort>
    <baseDescription>[PAWN_nameDef] used to be a slave.</baseDescription>
    <bodyTypeGlobal>Thin</bodyTypeGlobal>	
    <slot>Childhood</slot>
    <skillGains>
      <li>
        <defName>Social</defName>
        <amount>-4</amount>
      </li>
	</skillGains>
	<spawnCategories>
      <li>VorchaBackstory</li>
    </spawnCategories>
	</AlienRace.BackstoryDef> 
	
	<AlienRace.BackstoryDef>
    <defName>VChild10</defName>
    <title>Hunter</title>
    <titleShort>Hunter</titleShort>
    <baseDescription>[PAWN_nameDef] knows how to hunt animals.</baseDescription>
    <bodyTypeGlobal>Thin</bodyTypeGlobal>	
    <slot>Childhood</slot>
    <skillGains>
      <li>
        <defName>Shooting</defName>
        <amount>5</amount>
      </li>
	  <li>
        <defName>Animals</defName>
        <amount>2</amount>
      </li>
	</skillGains>
	<forcedTraits>
        <li>
            <defName>ShootingAccuracy</defName>
            <degree>1</degree>
			<chance>30</chance>
        </li>
	</forcedTraits>
	<spawnCategories>
      <li>VorchaBackstory</li>
    </spawnCategories>
	</AlienRace.BackstoryDef> 
	
	<AlienRace.BackstoryDef>
    <defName>VChild11</defName>
    <title>Fighter</title>
    <titleShort>Fighter</titleShort>
    <baseDescription>[PAWN_nameDef] knows how to fight.</baseDescription>
    <bodyTypeGlobal>Thin</bodyTypeGlobal>	
    <slot>Childhood</slot>
    <skillGains>
      <li>
        <defName>Shooting</defName>
        <amount>4</amount>
      </li>
	        <li>
        <defName>Melee</defName>
        <amount>4</amount>
      </li>
	</skillGains>
    <spawnCategories>
      <li>VorchaBackstory</li>
    </spawnCategories>
	</AlienRace.BackstoryDef> 
	
	<AlienRace.BackstoryDef>
    <defName>VChild12</defName>
    <title>Respected warrior</title>
    <titleShort>Warrior</titleShort>
    <baseDescription>[PAWN_nameDef] knows how to fight very well.</baseDescription>
    <bodyTypeGlobal>Thin</bodyTypeGlobal>	
    <slot>Childhood</slot>
    <skillGains>
      <li>
        <defName>Shooting</defName>
        <amount>6</amount>
      </li>
	  <li>
        <defName>Melee</defName>
        <amount>6</amount>
      </li>
	</skillGains>
	<spawnCategories>
      <li>VorchaBackstory</li>
    </spawnCategories>
	</AlienRace.BackstoryDef> 
	
  	<AlienRace.BackstoryDef>
    <defName>VChild13</defName>
    <title>Inferior warrior</title>
    <titleShort>Warrior</titleShort>
    <baseDescription>[PAWN_nameDef] is not that good at doing battle.</baseDescription>
    <bodyTypeGlobal>Thin</bodyTypeGlobal>	
    <slot>Childhood</slot>
    <skillGains>
      <li>
        <defName>Melee</defName>
        <amount>2</amount>
      </li>
	  <li>
        <defName>Shooting</defName>
        <amount>2</amount>
      </li>
	</skillGains>
	<spawnCategories>
      <li>VorchaBackstory</li>
    </spawnCategories>
	</AlienRace.BackstoryDef> 
  
   	<AlienRace.BackstoryDef>
    <defName>VChild14</defName>
    <title>Marked</title>
    <titleShort>Marked</titleShort>
    <baseDescription>[PAWN_nameDef] is said to have been marked by a warrior spirit.</baseDescription>
    <bodyTypeGlobal>Thin</bodyTypeGlobal>	
    <slot>Childhood</slot>
    <skillGains>
      <li>
        <defName>Melee</defName>
        <amount>10</amount>
      </li>
	        <li>
        <defName>Shooting</defName>
        <amount>10</amount>
      </li>
	</skillGains>
	<spawnCategories>
      <li>VorchaBackstory</li>
    </spawnCategories>
	</AlienRace.BackstoryDef> 
  
    <AlienRace.BackstoryDef>
    <defName>VChild15</defName>
    <title>Speaker</title>
    <titleShort>Speaker</titleShort>
    <baseDescription>[PAWN_nameDef] knows how to negotiate for a tribe.</baseDescription>
    <bodyTypeGlobal>Thin</bodyTypeGlobal>	
    <slot>Childhood</slot>
    <skillGains>
      <li>
        <defName>Social</defName>
        <amount>6</amount>
      </li>
	</skillGains>
	<spawnCategories>
      <li>VorchaBackstory</li>
    </spawnCategories>
	</AlienRace.BackstoryDef> 
  
   	<AlienRace.BackstoryDef>
    <defName>VChild16</defName>
    <title>Shaman</title>
    <titleShort>Shaman</titleShort>
    <baseDescription>[PAWN_nameDef] knows how to apply leaves on a wound.</baseDescription>
    <bodyTypeGlobal>Thin</bodyTypeGlobal>	
    <slot>Childhood</slot>
    <skillGains>
      <li>
        <defName>Social</defName>
        <amount>1</amount>
      </li>
	  <li>
        <defName>Medicine</defName>
        <amount>3</amount>
      </li>
	</skillGains>
	<spawnCategories>
      <li>VorchaBackstory</li>
    </spawnCategories>
	</AlienRace.BackstoryDef> 
  
  	<AlienRace.BackstoryDef>
    <defName>VChild17</defName>
    <title>Miner</title>
    <titleShort>Miner</titleShort>
    <baseDescription>[PAWN_nameDef] knows how to mine.</baseDescription>
    <bodyTypeGlobal>Thin</bodyTypeGlobal>	
    <slot>Childhood</slot>
    <skillGains>
      <li>
        <defName>Mining</defName>
        <amount>6</amount>
      </li>
	  <li>
        <defName>Melee</defName>
        <amount>2</amount>
      </li>
	</skillGains>
	<spawnCategories>
      <li>VorchaBackstory</li>
    </spawnCategories>
	</AlienRace.BackstoryDef> 
  
	<AlienRace.BackstoryDef>
    <defName>VChild18</defName>
    <title>Warrior</title>
    <titleShort>Warrior</titleShort>
    <baseDescription>[PAWN_nameDef] knows how to fight.</baseDescription>
    <bodyTypeGlobal>Thin</bodyTypeGlobal>	
    <slot>Childhood</slot>
    <skillGains>
      <li>
        <defName>Shooting</defName>
        <amount>4</amount>
      </li>
	  <li>
        <defName>Melee</defName>
        <amount>4</amount>
      </li>
	</skillGains>
	<spawnCategories>
      <li>VorchaBackstory</li>
    </spawnCategories>
	</AlienRace.BackstoryDef> 
	
		<AlienRace.BackstoryDef>
    <defName>VChild19</defName>
    <title>Warrior</title>
    <titleShort>Warrior</titleShort>
    <baseDescription>[PAWN_nameDef] knows how to fight.</baseDescription>
    <bodyTypeGlobal>Thin</bodyTypeGlobal>	
    <slot>Childhood</slot>
    <skillGains>
      <li>
        <defName>Shooting</defName>
        <amount>4</amount>
      </li>
	  <li>
        <defName>Melee</defName>
        <amount>4</amount>
      </li>
	</skillGains>
	<spawnCategories>
      <li>VorchaBackstory</li>
    </spawnCategories>
	</AlienRace.BackstoryDef> 
	
		<AlienRace.BackstoryDef>
    <defName>VChild20</defName>
    <title>Warrior</title>
    <titleShort>Warrior</titleShort>
    <baseDescription>[PAWN_nameDef] knows how to fight.</baseDescription>
    <bodyTypeGlobal>Thin</bodyTypeGlobal>	
    <slot>Childhood</slot>
    <skillGains>
      <li>
        <defName>Shooting</defName>
        <amount>4</amount>
      </li>
	  <li>
        <defName>Melee</defName>
        <amount>4</amount>
      </li>
	</skillGains>
	<spawnCategories>
      <li>VorchaBackstory</li>
    </spawnCategories>
	</AlienRace.BackstoryDef> 
	
		<AlienRace.BackstoryDef>
    <defName>VChild21</defName>
    <title>Warrior</title>
    <titleShort>Warrior</titleShort>
    <baseDescription>[PAWN_nameDef] knows how to fight.</baseDescription>
    <bodyTypeGlobal>Thin</bodyTypeGlobal>	
    <slot>Childhood</slot>
    <skillGains>
      <li>
        <defName>Shooting</defName>
        <amount>4</amount>
      </li>
	  <li>
        <defName>Melee</defName>
        <amount>4</amount>
      </li>
	</skillGains>
	<spawnCategories>
      <li>VorchaBackstory</li>
    </spawnCategories>
	</AlienRace.BackstoryDef> 
	
		<AlienRace.BackstoryDef>
    <defName>VChild22</defName>
    <title>Warrior</title>
    <titleShort>Warrior</titleShort>
    <baseDescription>[PAWN_nameDef] knows how to fight.</baseDescription>
    <bodyTypeGlobal>Thin</bodyTypeGlobal>	
    <slot>Childhood</slot>
    <skillGains>
      <li>
        <defName>Shooting</defName>
        <amount>4</amount>
      </li>
	  <li>
        <defName>Melee</defName>
        <amount>4</amount>
      </li>
	</skillGains>
	<spawnCategories>
      <li>VorchaBackstory</li>
    </spawnCategories>
	</AlienRace.BackstoryDef> 
	
		<AlienRace.BackstoryDef>
    <defName>VChild23</defName>
    <title>Warrior</title>
    <titleShort>Warrior</titleShort>
    <baseDescription>[PAWN_nameDef] knows how to fight.</baseDescription>
    <bodyTypeGlobal>Thin</bodyTypeGlobal>	
    <slot>Childhood</slot>
    <skillGains>
      <li>
        <defName>Shooting</defName>
        <amount>4</amount>
      </li>
	  <li>
        <defName>Melee</defName>
        <amount>4</amount>
      </li>
	</skillGains>
	<spawnCategories>
      <li>VorchaBackstory</li>
    </spawnCategories>
	</AlienRace.BackstoryDef> 
	
		<AlienRace.BackstoryDef>
    <defName>VChild24</defName>
    <title>Warrior</title>
    <titleShort>Warrior</titleShort>
    <baseDescription>[PAWN_nameDef] knows how to fight.</baseDescription>
    <bodyTypeGlobal>Thin</bodyTypeGlobal>	
    <slot>Childhood</slot>
    <skillGains>
      <li>
        <defName>Shooting</defName>
        <amount>4</amount>
      </li>
	  <li>
        <defName>Melee</defName>
        <amount>4</amount>
      </li>
	</skillGains>
	<spawnCategories>
      <li>VorchaBackstory</li>
    </spawnCategories>
	</AlienRace.BackstoryDef> 
	
		<AlienRace.BackstoryDef>
    <defName>VChild25</defName>
    <title>Warrior</title>
    <titleShort>Warrior</titleShort>
    <baseDescription>[PAWN_nameDef] knows how to fight.</baseDescription>
    <bodyTypeGlobal>Thin</bodyTypeGlobal>	
    <slot>Childhood</slot>
    <skillGains>
      <li>
        <defName>Shooting</defName>
        <amount>4</amount>
      </li>
	  <li>
        <defName>Melee</defName>
        <amount>4</amount>
      </li>
	</skillGains>
	<spawnCategories>
      <li>VorchaBackstory</li>
    </spawnCategories>
	</AlienRace.BackstoryDef> 
	
		<AlienRace.BackstoryDef>
    <defName>VChild26</defName>
    <title>Warrior</title>
    <titleShort>Warrior</titleShort>
    <baseDescription>[PAWN_nameDef] knows how to fight.</baseDescription>
    <bodyTypeGlobal>Thin</bodyTypeGlobal>	
    <slot>Childhood</slot>
    <skillGains>
      <li>
        <defName>Shooting</defName>
        <amount>4</amount>
      </li>
	  <li>
        <defName>Melee</defName>
        <amount>4</amount>
      </li>
	</skillGains>
	<spawnCategories>
      <li>VorchaBackstory</li>
    </spawnCategories>
	</AlienRace.BackstoryDef> 
	
		<AlienRace.BackstoryDef>
    <defName>VChild27</defName>
    <title>Warrior</title>
    <titleShort>Warrior</titleShort>
    <baseDescription>[PAWN_nameDef] knows how to fight.</baseDescription>
    <bodyTypeGlobal>Thin</bodyTypeGlobal>	
    <slot>Childhood</slot>
    <skillGains>
      <li>
        <defName>Shooting</defName>
        <amount>4</amount>
      </li>
	  <li>
        <defName>Melee</defName>
        <amount>4</amount>
      </li>
	</skillGains>
	<spawnCategories>
      <li>VorchaBackstory</li>
    </spawnCategories>
	</AlienRace.BackstoryDef> 
	
		<AlienRace.BackstoryDef>
    <defName>VChild28</defName>
    <title>Warrior</title>
    <titleShort>Warrior</titleShort>
    <baseDescription>[PAWN_nameDef] knows how to fight.</baseDescription>
    <bodyTypeGlobal>Thin</bodyTypeGlobal>	
    <slot>Childhood</slot>
    <skillGains>
      <li>
        <defName>Shooting</defName>
        <amount>4</amount>
      </li>
	  <li>
        <defName>Melee</defName>
        <amount>4</amount>
      </li>
	</skillGains>
	<spawnCategories>
      <li>VorchaBackstory</li>
    </spawnCategories>
	</AlienRace.BackstoryDef> 
	
		<AlienRace.BackstoryDef>
    <defName>VChild29</defName>
    <title>Warrior</title>
    <titleShort>Warrior</titleShort>
    <baseDescription>[PAWN_nameDef] knows how to fight.</baseDescription>
    <bodyTypeGlobal>Thin</bodyTypeGlobal>	
    <slot>Childhood</slot>
    <skillGains>
      <li>
        <defName>Shooting</defName>
        <amount>4</amount>
      </li>
	  <li>
        <defName>Melee</defName>
        <amount>4</amount>
      </li>
	</skillGains>
	<spawnCategories>
      <li>VorchaBackstory</li>
    </spawnCategories>
	</AlienRace.BackstoryDef> 
	
		<AlienRace.BackstoryDef>
    <defName>VChild30</defName>
    <title>Warrior</title>
    <titleShort>Warrior</titleShort>
    <baseDescription>[PAWN_nameDef] knows how to fight.</baseDescription>
    <bodyTypeGlobal>Thin</bodyTypeGlobal>	
    <slot>Childhood</slot>
    <skillGains>
      <li>
        <defName>Shooting</defName>
        <amount>4</amount>
      </li>
	  <li>
        <defName>Melee</defName>
        <amount>4</amount>
      </li>
	</skillGains>
	<spawnCategories>
      <li>VorchaBackstory</li>
    </spawnCategories>
	</AlienRace.BackstoryDef> 
	
		<AlienRace.BackstoryDef>
    <defName>VChild31</defName>
    <title>Warrior</title>
    <titleShort>Warrior</titleShort>
    <baseDescription>[PAWN_nameDef] knows how to fight.</baseDescription>
    <bodyTypeGlobal>Thin</bodyTypeGlobal>	
    <slot>Childhood</slot>
    <skillGains>
      <li>
        <defName>Shooting</defName>
        <amount>4</amount>
      </li>
	  <li>
        <defName>Melee</defName>
        <amount>4</amount>
      </li>
	</skillGains>
	<spawnCategories>
      <li>VorchaBackstory</li>
    </spawnCategories>
	</AlienRace.BackstoryDef> 
	
		<AlienRace.BackstoryDef>
    <defName>VChild32</defName>
    <title>Warrior</title>
    <titleShort>Warrior</titleShort>
    <baseDescription>[PAWN_nameDef] knows how to fight.</baseDescription>
    <bodyTypeGlobal>Thin</bodyTypeGlobal>	
    <slot>Childhood</slot>
    <skillGains>
      <li>
        <defName>Shooting</defName>
        <amount>4</amount>
      </li>
	  <li>
        <defName>Melee</defName>
        <amount>4</amount>
      </li>
	</skillGains>
	<spawnCategories>
      <li>VorchaBackstory</li>
    </spawnCategories>
	</AlienRace.BackstoryDef> 
  
 		<AlienRace.BackstoryDef>
    <defName>VChild33</defName>
    <title>Brawler</title>
    <titleShort>Brawler</titleShort>
    <baseDescription>[PAWN_nameDef] knows how to fight in a melee.</baseDescription>
    <bodyTypeGlobal>Thin</bodyTypeGlobal>	
    <slot>Childhood</slot>
    <skillGains>
      <li>
        <defName>Melee</defName>
        <amount>6</amount>
      </li>
	</skillGains>
		<forcedTraits>
        <li>
            <defName>Brawler</defName>
			<chance>75</chance>
        </li>
	</forcedTraits>
	<spawnCategories>
      <li>VorchaBackstory</li>
    </spawnCategories>
	</AlienRace.BackstoryDef> 
	
		<AlienRace.BackstoryDef>
    <defName>VChild34</defName>
    <title>Brawler</title>
    <titleShort>Brawler</titleShort>
    <baseDescription>[PAWN_nameDef] knows how to fight in a melee.</baseDescription>
    <bodyTypeGlobal>Thin</bodyTypeGlobal>	
    <slot>Childhood</slot>
    <skillGains>
      <li>
        <defName>Melee</defName>
        <amount>6</amount>
      </li>
	</skillGains>
		<forcedTraits>
        <li>
            <defName>Brawler</defName>
			<chance>75</chance>
        </li>
	</forcedTraits>
	<spawnCategories>
      <li>VorchaBackstory</li>
    </spawnCategories>
	</AlienRace.BackstoryDef> 
	
		<AlienRace.BackstoryDef>
    <defName>VChild35</defName>
    <title>Brawler</title>
    <titleShort>Brawler</titleShort>
    <baseDescription>[PAWN_nameDef] knows how to fight in a melee.</baseDescription>
    <bodyTypeGlobal>Thin</bodyTypeGlobal>	
    <slot>Childhood</slot>
    <skillGains>
      <li>
        <defName>Melee</defName>
        <amount>6</amount>
      </li>
	</skillGains>
		<forcedTraits>
        <li>
            <defName>Brawler</defName>
			<chance>75</chance>
        </li>
	</forcedTraits>
	<spawnCategories>
      <li>VorchaBackstory</li>
    </spawnCategories>
	</AlienRace.BackstoryDef> 
  
  	<AlienRace.BackstoryDef>
    <defName>VChild36</defName>
    <title>Hunter</title>
    <titleShort>Hunter</titleShort>
    <baseDescription>[PAWN_nameDef] knows how to hunt animals.</baseDescription>
    <bodyTypeGlobal>Thin</bodyTypeGlobal>	
    <slot>Childhood</slot>
    <skillGains>
      <li>
        <defName>Shooting</defName>
        <amount>5</amount>
      </li>
	  <li>
        <defName>Animals</defName>
        <amount>2</amount>
      </li>
	</skillGains>
	<forcedTraits>
        <li>
            <defName>ShootingAccuracy</defName>
            <degree>1</degree>
			<chance>30</chance>
        </li>
	</forcedTraits>
	<spawnCategories>
      <li>VorchaBackstory</li>
    </spawnCategories>
	</AlienRace.BackstoryDef> 
	
		<AlienRace.BackstoryDef>
    <defName>VChild37</defName>
    <title>Hunter</title>
    <titleShort>Hunter</titleShort>
    <baseDescription>[PAWN_nameDef] knows how to hunt animals.</baseDescription>
    <bodyTypeGlobal>Thin</bodyTypeGlobal>	
    <slot>Childhood</slot>
    <skillGains>
      <li>
        <defName>Shooting</defName>
        <amount>5</amount>
      </li>
	  <li>
        <defName>Animals</defName>
        <amount>2</amount>
      </li>
	</skillGains>
	<forcedTraits>
        <li>
            <defName>ShootingAccuracy</defName>
            <degree>1</degree>
			<chance>30</chance>
        </li>
	</forcedTraits>
	<spawnCategories>
      <li>VorchaBackstory</li>
    </spawnCategories>
	</AlienRace.BackstoryDef> 
	
		<AlienRace.BackstoryDef>
    <defName>VChild38</defName>
    <title>Hunter</title>
    <titleShort>Hunter</titleShort>
    <baseDescription>[PAWN_nameDef] knows how to hunt animals.</baseDescription>
    <bodyTypeGlobal>Thin</bodyTypeGlobal>	
    <slot>Childhood</slot>
    <skillGains>
      <li>
        <defName>Shooting</defName>
        <amount>5</amount>
      </li>
	  <li>
        <defName>Animals</defName>
        <amount>2</amount>
      </li>
	</skillGains>
	<forcedTraits>
        <li>
            <defName>ShootingAccuracy</defName>
            <degree>1</degree>
			<chance>30</chance>
        </li>
	</forcedTraits>
	<spawnCategories>
      <li>VorchaBackstory</li>
    </spawnCategories>
	</AlienRace.BackstoryDef> 
	
		<AlienRace.BackstoryDef>
    <defName>VChild39</defName>
    <title>Hunter</title>
    <titleShort>Hunter</titleShort>
    <baseDescription>[PAWN_nameDef] knows how to hunt animals.</baseDescription>
    <bodyTypeGlobal>Thin</bodyTypeGlobal>	
    <slot>Childhood</slot>
    <skillGains>
      <li>
        <defName>Shooting</defName>
        <amount>5</amount>
      </li>
	  <li>
        <defName>Animals</defName>
        <amount>2</amount>
      </li>
	</skillGains>
	<forcedTraits>
        <li>
            <defName>ShootingAccuracy</defName>
            <degree>1</degree>
			<chance>30</chance>
        </li>
	</forcedTraits>
	<spawnCategories>
      <li>VorchaBackstory</li>
    </spawnCategories>
	</AlienRace.BackstoryDef> 
	
		<AlienRace.BackstoryDef>
    <defName>VChild40</defName>
    <title>Hunter</title>
    <titleShort>Hunter</titleShort>
    <baseDescription>[PAWN_nameDef] knows how to hunt animals.</baseDescription>
    <bodyTypeGlobal>Thin</bodyTypeGlobal>	
    <slot>Childhood</slot>
    <skillGains>
      <li>
        <defName>Shooting</defName>
        <amount>5</amount>
      </li>
	  <li>
        <defName>Animals</defName>
        <amount>2</amount>
      </li>
	</skillGains>
	<forcedTraits>
        <li>
            <defName>ShootingAccuracy</defName>
            <degree>1</degree>
			<chance>30</chance>
        </li>
	</forcedTraits>
	<spawnCategories>
      <li>VorchaBackstory</li>
    </spawnCategories>
	</AlienRace.BackstoryDef> 
	
		<AlienRace.BackstoryDef>
    <defName>VChild41</defName>
    <title>Hunter</title>
    <titleShort>Hunter</titleShort>
    <baseDescription>[PAWN_nameDef] knows how to hunt animals.</baseDescription>
    <bodyTypeGlobal>Thin</bodyTypeGlobal>	
    <slot>Childhood</slot>
    <skillGains>
      <li>
        <defName>Shooting</defName>
        <amount>5</amount>
      </li>
	  <li>
        <defName>Animals</defName>
        <amount>2</amount>
      </li>
	</skillGains>
	<forcedTraits>
        <li>
            <defName>ShootingAccuracy</defName>
            <degree>1</degree>
			<chance>30</chance>
        </li>
	</forcedTraits>
	<spawnCategories>
      <li>VorchaBackstory</li>
    </spawnCategories>
	</AlienRace.BackstoryDef> 
	
		<AlienRace.BackstoryDef>
    <defName>VChild42</defName>
    <title>Hunter</title>
    <titleShort>Hunter</titleShort>
    <baseDescription>[PAWN_nameDef] knows how to hunt animals.</baseDescription>
    <bodyTypeGlobal>Thin</bodyTypeGlobal>	
    <slot>Childhood</slot>
    <skillGains>
      <li>
        <defName>Shooting</defName>
        <amount>5</amount>
      </li>
	  <li>
        <defName>Animals</defName>
        <amount>2</amount>
      </li>
	</skillGains>
	<forcedTraits>
        <li>
            <defName>ShootingAccuracy</defName>
            <degree>1</degree>
			<chance>30</chance>
        </li>
	</forcedTraits>
	<spawnCategories>
      <li>VorchaBackstory</li>
    </spawnCategories>
	</AlienRace.BackstoryDef> 
	
		<AlienRace.BackstoryDef>
    <defName>VChild43</defName>
    <title>Hunter</title>
    <titleShort>Hunter</titleShort>
    <baseDescription>[PAWN_nameDef] knows how to hunt animals.</baseDescription>
    <bodyTypeGlobal>Thin</bodyTypeGlobal>	
    <slot>Childhood</slot>
    <skillGains>
      <li>
        <defName>Shooting</defName>
        <amount>5</amount>
      </li>
	  <li>
        <defName>Animals</defName>
        <amount>2</amount>
      </li>
	</skillGains>
	<forcedTraits>
        <li>
            <defName>ShootingAccuracy</defName>
            <degree>1</degree>
			<chance>30</chance>
        </li>
	</forcedTraits>
	<spawnCategories>
      <li>VorchaBackstory</li>
    </spawnCategories>
	</AlienRace.BackstoryDef> 
	
		<AlienRace.BackstoryDef>
    <defName>VChild44</defName>
    <title>Hunter</title>
    <titleShort>Hunter</titleShort>
    <baseDescription>[PAWN_nameDef] knows how to hunt animals.</baseDescription>
    <bodyTypeGlobal>Thin</bodyTypeGlobal>	
    <slot>Childhood</slot>
    <skillGains>
      <li>
        <defName>Shooting</defName>
        <amount>5</amount>
      </li>
	  <li>
        <defName>Animals</defName>
        <amount>2</amount>
      </li>
	</skillGains>
	<forcedTraits>
        <li>
            <defName>ShootingAccuracy</defName>
            <degree>1</degree>
			<chance>30</chance>
        </li>
	</forcedTraits>
	<spawnCategories>
      <li>VorchaBackstory</li>
    </spawnCategories>
	</AlienRace.BackstoryDef> 
	
		<AlienRace.BackstoryDef>
    <defName>VChild45</defName>
    <title>Hunter</title>
    <titleShort>Hunter</titleShort>
    <baseDescription>[PAWN_nameDef] knows how to hunt animals.</baseDescription>
    <bodyTypeGlobal>Thin</bodyTypeGlobal>	
    <slot>Childhood</slot>
    <skillGains>
      <li>
        <defName>Shooting</defName>
        <amount>5</amount>
      </li>
	  <li>
        <defName>Animals</defName>
        <amount>2</amount>
      </li>
	</skillGains>
	<forcedTraits>
        <li>
            <defName>ShootingAccuracy</defName>
            <degree>1</degree>
			<chance>30</chance>
        </li>
	</forcedTraits>
	<spawnCategories>
      <li>VorchaBackstory</li>
    </spawnCategories>
	</AlienRace.BackstoryDef> 
	
		<AlienRace.BackstoryDef>
    <defName>VChild46</defName>
    <title>Hunter</title>
    <titleShort>Hunter</titleShort>
    <baseDescription>[PAWN_nameDef] knows how to hunt animals.</baseDescription>
    <bodyTypeGlobal>Thin</bodyTypeGlobal>	
    <slot>Childhood</slot>
    <skillGains>
      <li>
        <defName>Shooting</defName>
        <amount>5</amount>
      </li>
	  <li>
        <defName>Animals</defName>
        <amount>2</amount>
      </li>
	</skillGains>
	<forcedTraits>
        <li>
            <defName>ShootingAccuracy</defName>
            <degree>1</degree>
			<chance>30</chance>
        </li>
	</forcedTraits>
	<spawnCategories>
      <li>VorchaBackstory</li>
    </spawnCategories>
	</AlienRace.BackstoryDef> 
  
  	<AlienRace.BackstoryDef>
    <defName>VChild47</defName>
    <title>Fighter</title>
    <titleShort>Fighter</titleShort>
    <baseDescription>[PAWN_nameDef] knows how to fight.</baseDescription>
    <bodyTypeGlobal>Thin</bodyTypeGlobal>	
    <slot>Childhood</slot>
    <skillGains>
      <li>
        <defName>Shooting</defName>
        <amount>4</amount>
      </li>
	        <li>
        <defName>Melee</defName>
        <amount>4</amount>
      </li>
	</skillGains>
    <spawnCategories>
      <li>VorchaBackstory</li>
    </spawnCategories>
	</AlienRace.BackstoryDef> 
	
		<AlienRace.BackstoryDef>
    <defName>VChild48</defName>
    <title>Fighter</title>
    <titleShort>Fighter</titleShort>
    <baseDescription>[PAWN_nameDef] knows how to fight.</baseDescription>
    <bodyTypeGlobal>Thin</bodyTypeGlobal>	
    <slot>Childhood</slot>
    <skillGains>
      <li>
        <defName>Shooting</defName>
        <amount>4</amount>
      </li>
	        <li>
        <defName>Melee</defName>
        <amount>4</amount>
      </li>
	</skillGains>
    <spawnCategories>
      <li>VorchaBackstory</li>
    </spawnCategories>
	</AlienRace.BackstoryDef> 
	
		<AlienRace.BackstoryDef>
    <defName>VChild49</defName>
    <title>Fighter</title>
    <titleShort>Fighter</titleShort>
    <baseDescription>[PAWN_nameDef] knows how to fight.</baseDescription>
    <bodyTypeGlobal>Thin</bodyTypeGlobal>	
    <slot>Childhood</slot>
    <skillGains>
      <li>
        <defName>Shooting</defName>
        <amount>4</amount>
      </li>
	        <li>
        <defName>Melee</defName>
        <amount>4</amount>
      </li>
	</skillGains>
    <spawnCategories>
      <li>VorchaBackstory</li>
    </spawnCategories>
	</AlienRace.BackstoryDef> 
	
		<AlienRace.BackstoryDef>
    <defName>VChild50</defName>
    <title>Fighter</title>
    <titleShort>Fighter</titleShort>
    <baseDescription>[PAWN_nameDef] knows how to fight.</baseDescription>
    <bodyTypeGlobal>Thin</bodyTypeGlobal>	
    <slot>Childhood</slot>
    <skillGains>
      <li>
        <defName>Shooting</defName>
        <amount>4</amount>
      </li>
	        <li>
        <defName>Melee</defName>
        <amount>4</amount>
      </li>
	</skillGains>
    <spawnCategories>
      <li>VorchaBackstory</li>
    </spawnCategories>
	</AlienRace.BackstoryDef> 
	
		<AlienRace.BackstoryDef>
    <defName>VChild51</defName>
    <title>Fighter</title>
    <titleShort>Fighter</titleShort>
    <baseDescription>[PAWN_nameDef] knows how to fight.</baseDescription>
    <bodyTypeGlobal>Thin</bodyTypeGlobal>	
    <slot>Childhood</slot>
    <skillGains>
      <li>
        <defName>Shooting</defName>
        <amount>4</amount>
      </li>
	        <li>
        <defName>Melee</defName>
        <amount>4</amount>
      </li>
	</skillGains>
    <spawnCategories>
      <li>VorchaBackstory</li>
    </spawnCategories>
	</AlienRace.BackstoryDef> 
	
		<AlienRace.BackstoryDef>
    <defName>VChild52</defName>
    <title>Fighter</title>
    <titleShort>Fighter</titleShort>
    <baseDescription>[PAWN_nameDef] knows how to fight.</baseDescription>
    <bodyTypeGlobal>Thin</bodyTypeGlobal>	
    <slot>Childhood</slot>
    <skillGains>
      <li>
        <defName>Shooting</defName>
        <amount>4</amount>
      </li>
	        <li>
        <defName>Melee</defName>
        <amount>4</amount>
      </li>
	</skillGains>
    <spawnCategories>
      <li>VorchaBackstory</li>
    </spawnCategories>
	</AlienRace.BackstoryDef> 
	
		<AlienRace.BackstoryDef>
    <defName>VChild53</defName>
    <title>Fighter</title>
    <titleShort>Fighter</titleShort>
    <baseDescription>[PAWN_nameDef] knows how to fight.</baseDescription>
    <bodyTypeGlobal>Thin</bodyTypeGlobal>	
    <slot>Childhood</slot>
    <skillGains>
      <li>
        <defName>Shooting</defName>
        <amount>4</amount>
      </li>
	        <li>
        <defName>Melee</defName>
        <amount>4</amount>
      </li>
	</skillGains>
    <spawnCategories>
      <li>VorchaBackstory</li>
    </spawnCategories>
	</AlienRace.BackstoryDef> 
	
		<AlienRace.BackstoryDef>
    <defName>VChild54</defName>
    <title>Fighter</title>
    <titleShort>Fighter</titleShort>
    <baseDescription>[PAWN_nameDef] knows how to fight.</baseDescription>
    <bodyTypeGlobal>Thin</bodyTypeGlobal>	
    <slot>Childhood</slot>
    <skillGains>
      <li>
        <defName>Shooting</defName>
        <amount>4</amount>
      </li>
	        <li>
        <defName>Melee</defName>
        <amount>4</amount>
      </li>
	</skillGains>
    <spawnCategories>
      <li>VorchaBackstory</li>
    </spawnCategories>
	</AlienRace.BackstoryDef> 
	
		<AlienRace.BackstoryDef>
    <defName>VChild55</defName>
    <title>Fighter</title>
    <titleShort>Fighter</titleShort>
    <baseDescription>[PAWN_nameDef] knows how to fight.</baseDescription>
    <bodyTypeGlobal>Thin</bodyTypeGlobal>	
    <slot>Childhood</slot>
    <skillGains>
      <li>
        <defName>Shooting</defName>
        <amount>4</amount>
      </li>
	        <li>
        <defName>Melee</defName>
        <amount>4</amount>
      </li>
	</skillGains>
    <spawnCategories>
      <li>VorchaBackstory</li>
    </spawnCategories>
	</AlienRace.BackstoryDef> 
	
		<AlienRace.BackstoryDef>
    <defName>VChild56</defName>
    <title>Fighter</title>
    <titleShort>Fighter</titleShort>
    <baseDescription>[PAWN_nameDef] knows how to fight.</baseDescription>
    <bodyTypeGlobal>Thin</bodyTypeGlobal>	
    <slot>Childhood</slot>
    <skillGains>
      <li>
        <defName>Shooting</defName>
        <amount>4</amount>
      </li>
	        <li>
        <defName>Melee</defName>
        <amount>4</amount>
      </li>
	</skillGains>
    <spawnCategories>
      <li>VorchaBackstory</li>
    </spawnCategories>
	</AlienRace.BackstoryDef> 
	
		<AlienRace.BackstoryDef>
    <defName>VChild57</defName>
    <title>Fighter</title>
    <titleShort>Fighter</titleShort>
    <baseDescription>[PAWN_nameDef] knows how to fight.</baseDescription>
    <bodyTypeGlobal>Thin</bodyTypeGlobal>	
    <slot>Childhood</slot>
    <skillGains>
      <li>
        <defName>Shooting</defName>
        <amount>4</amount>
      </li>
	        <li>
        <defName>Melee</defName>
        <amount>4</amount>
      </li>
	</skillGains>
    <spawnCategories>
      <li>VorchaBackstory</li>
    </spawnCategories>
	</AlienRace.BackstoryDef> 
	
		<AlienRace.BackstoryDef>
    <defName>VChild58</defName>
    <title>Fighter</title>
    <titleShort>Fighter</titleShort>
    <baseDescription>[PAWN_nameDef] knows how to fight.</baseDescription>
    <bodyTypeGlobal>Thin</bodyTypeGlobal>	
    <slot>Childhood</slot>
    <skillGains>
      <li>
        <defName>Shooting</defName>
        <amount>4</amount>
      </li>
	        <li>
        <defName>Melee</defName>
        <amount>4</amount>
      </li>
	</skillGains>
    <spawnCategories>
      <li>VorchaBackstory</li>
    </spawnCategories>
	</AlienRace.BackstoryDef> 
	
		<AlienRace.BackstoryDef>
    <defName>VChild59</defName>
    <title>Fighter</title>
    <titleShort>Fighter</titleShort>
    <baseDescription>[PAWN_nameDef] knows how to fight.</baseDescription>
    <bodyTypeGlobal>Thin</bodyTypeGlobal>	
    <slot>Childhood</slot>
    <skillGains>
      <li>
        <defName>Shooting</defName>
        <amount>4</amount>
      </li>
	        <li>
        <defName>Melee</defName>
        <amount>4</amount>
      </li>
	</skillGains>
    <spawnCategories>
      <li>VorchaBackstory</li>
    </spawnCategories>
	</AlienRace.BackstoryDef> 
	
		<AlienRace.BackstoryDef>
    <defName>VChild60</defName>
    <title>Fighter</title>
    <titleShort>Fighter</titleShort>
    <baseDescription>[PAWN_nameDef] knows how to fight.</baseDescription>
    <bodyTypeGlobal>Thin</bodyTypeGlobal>	
    <slot>Childhood</slot>
    <skillGains>
      <li>
        <defName>Shooting</defName>
        <amount>4</amount>
      </li>
	        <li>
        <defName>Melee</defName>
        <amount>4</amount>
      </li>
	</skillGains>
    <spawnCategories>
      <li>VorchaBackstory</li>
    </spawnCategories>
	</AlienRace.BackstoryDef> 
	
		<AlienRace.BackstoryDef>
    <defName>VChild61</defName>
    <title>Fighter</title>
    <titleShort>Fighter</titleShort>
    <baseDescription>[PAWN_nameDef] knows how to fight.</baseDescription>
    <bodyTypeGlobal>Thin</bodyTypeGlobal>	
    <slot>Childhood</slot>
    <skillGains>
      <li>
        <defName>Shooting</defName>
        <amount>4</amount>
      </li>
	        <li>
        <defName>Melee</defName>
        <amount>4</amount>
      </li>
	</skillGains>
    <spawnCategories>
      <li>VorchaBackstory</li>
    </spawnCategories>
	</AlienRace.BackstoryDef> 
  
  	<AlienRace.BackstoryDef>
    <defName>VChild62</defName>
    <title>Respected warrior</title>
    <titleShort>Warrior</titleShort>
    <baseDescription>[PAWN_nameDef] knows how to fight very well.</baseDescription>
    <bodyTypeGlobal>Thin</bodyTypeGlobal>	
    <slot>Childhood</slot>
    <skillGains>
      <li>
        <defName>Shooting</defName>
        <amount>6</amount>
      </li>
	  <li>
        <defName>Melee</defName>
        <amount>6</amount>
      </li>
	</skillGains>
	<spawnCategories>
      <li>VorchaBackstory</li>
    </spawnCategories>
	</AlienRace.BackstoryDef> 
	
		<AlienRace.BackstoryDef>
    <defName>VChild63</defName>
    <title>Respected warrior</title>
    <titleShort>Warrior</titleShort>
    <baseDescription>[PAWN_nameDef] knows how to fight very well.</baseDescription>
    <bodyTypeGlobal>Thin</bodyTypeGlobal>	
    <slot>Childhood</slot>
    <skillGains>
      <li>
        <defName>Shooting</defName>
        <amount>6</amount>
      </li>
	  <li>
        <defName>Melee</defName>
        <amount>6</amount>
      </li>
	</skillGains>
	<spawnCategories>
      <li>VorchaBackstory</li>
    </spawnCategories>
	</AlienRace.BackstoryDef> 
  
    	<AlienRace.BackstoryDef>
    <defName>VChild64</defName>
    <title>Inferior warrior</title>
    <titleShort>Warrior</titleShort>
    <baseDescription>[PAWN_nameDef] is not that good at doing battle.</baseDescription>
    <bodyTypeGlobal>Thin</bodyTypeGlobal>	
    <slot>Childhood</slot>
    <skillGains>
      <li>
        <defName>Melee</defName>
        <amount>2</amount>
      </li>
	  <li>
        <defName>Shooting</defName>
        <amount>2</amount>
      </li>
	</skillGains>
	<spawnCategories>
      <li>VorchaBackstory</li>
    </spawnCategories>
	</AlienRace.BackstoryDef> 
	
	  	<AlienRace.BackstoryDef>
    <defName>VChild65</defName>
    <title>Inferior warrior</title>
    <titleShort>Warrior</titleShort>
    <baseDescription>[PAWN_nameDef] is not that good at doing battle.</baseDescription>
    <bodyTypeGlobal>Thin</bodyTypeGlobal>	
    <slot>Childhood</slot>
    <skillGains>
      <li>
        <defName>Melee</defName>
        <amount>2</amount>
      </li>
	  <li>
        <defName>Shooting</defName>
        <amount>2</amount>
      </li>
	</skillGains>
	<spawnCategories>
      <li>VorchaBackstory</li>
    </spawnCategories>
	</AlienRace.BackstoryDef> 
	
	  	<AlienRace.BackstoryDef>
    <defName>VChild66</defName>
    <title>Inferior warrior</title>
    <titleShort>Warrior</titleShort>
    <baseDescription>[PAWN_nameDef] is not that good at doing battle.</baseDescription>
    <bodyTypeGlobal>Thin</bodyTypeGlobal>	
    <slot>Childhood</slot>
    <skillGains>
      <li>
        <defName>Melee</defName>
        <amount>2</amount>
      </li>
	  <li>
        <defName>Shooting</defName>
        <amount>2</amount>
      </li>
	</skillGains>
	<spawnCategories>
      <li>VorchaBackstory</li>
    </spawnCategories>
	</AlienRace.BackstoryDef> 
	
	  	<AlienRace.BackstoryDef>
    <defName>VChild67</defName>
    <title>Inferior warrior</title>
    <titleShort>Warrior</titleShort>
    <baseDescription>[PAWN_nameDef] is not that good at doing battle.</baseDescription>
    <bodyTypeGlobal>Thin</bodyTypeGlobal>	
    <slot>Childhood</slot>
    <skillGains>
      <li>
        <defName>Melee</defName>
        <amount>2</amount>
      </li>
	  <li>
        <defName>Shooting</defName>
        <amount>2</amount>
      </li>
	</skillGains>
	<spawnCategories>
      <li>VorchaBackstory</li>
    </spawnCategories>
	</AlienRace.BackstoryDef> 
	
	  	<AlienRace.BackstoryDef>
    <defName>VChild68</defName>
    <title>Inferior warrior</title>
    <titleShort>Warrior</titleShort>
    <baseDescription>[PAWN_nameDef] is not that good at doing battle.</baseDescription>
    <bodyTypeGlobal>Thin</bodyTypeGlobal>	
    <slot>Childhood</slot>
    <skillGains>
      <li>
        <defName>Melee</defName>
        <amount>2</amount>
      </li>
	  <li>
        <defName>Shooting</defName>
        <amount>2</amount>
      </li>
	</skillGains>
	<spawnCategories>
      <li>VorchaBackstory</li>
    </spawnCategories>
	</AlienRace.BackstoryDef> 
	
	  	<AlienRace.BackstoryDef>
    <defName>VChild69</defName>
    <title>Inferior warrior</title>
    <titleShort>Warrior</titleShort>
    <baseDescription>[PAWN_nameDef] is not that good at doing battle.</baseDescription>
    <bodyTypeGlobal>Thin</bodyTypeGlobal>	
    <slot>Childhood</slot>
    <skillGains>
      <li>
        <defName>Melee</defName>
        <amount>2</amount>
      </li>
	  <li>
        <defName>Shooting</defName>
        <amount>2</amount>
      </li>
	</skillGains>
	<spawnCategories>
      <li>VorchaBackstory</li>
    </spawnCategories>
	</AlienRace.BackstoryDef> 
	
	  	<AlienRace.BackstoryDef>
    <defName>VChild70</defName>
    <title>Inferior warrior</title>
    <titleShort>Warrior</titleShort>
    <baseDescription>[PAWN_nameDef] is not that good at doing battle.</baseDescription>
    <bodyTypeGlobal>Thin</bodyTypeGlobal>	
    <slot>Childhood</slot>
    <skillGains>
      <li>
        <defName>Melee</defName>
        <amount>2</amount>
      </li>
	  <li>
        <defName>Shooting</defName>
        <amount>2</amount>
      </li>
	</skillGains>
	<spawnCategories>
      <li>VorchaBackstory</li>
    </spawnCategories>
	</AlienRace.BackstoryDef> 
	
	  	<AlienRace.BackstoryDef>
    <defName>VChild71</defName>
    <title>Inferior warrior</title>
    <titleShort>Warrior</titleShort>
    <baseDescription>[PAWN_nameDef] is not that good at doing battle.</baseDescription>
    <bodyTypeGlobal>Thin</bodyTypeGlobal>	
    <slot>Childhood</slot>
    <skillGains>
      <li>
        <defName>Melee</defName>
        <amount>2</amount>
      </li>
	  <li>
        <defName>Shooting</defName>
        <amount>2</amount>
      </li>
	</skillGains>
	<spawnCategories>
      <li>VorchaBackstory</li>
    </spawnCategories>
	</AlienRace.BackstoryDef> 
	
	  	<AlienRace.BackstoryDef>
    <defName>VChild72</defName>
    <title>Inferior warrior</title>
    <titleShort>Warrior</titleShort>
    <baseDescription>[PAWN_nameDef] is not that good at doing battle.</baseDescription>
    <bodyTypeGlobal>Thin</bodyTypeGlobal>	
    <slot>Childhood</slot>
    <skillGains>
      <li>
        <defName>Melee</defName>
        <amount>2</amount>
      </li>
	  <li>
        <defName>Shooting</defName>
        <amount>2</amount>
      </li>
	</skillGains>
	<spawnCategories>
      <li>VorchaBackstory</li>
    </spawnCategories>
	</AlienRace.BackstoryDef> 
  
  </Defs>