﻿<?xml version="1.0" encoding="utf-8" ?>
<Defs>
  
  <AlienRace.ThingDef_AlienRace ParentName="BasePawn">
  <defName>AlienAsari</defName>
    <label>asari</label>
    <description>A mono-gender race, the asari are distinctly feminine in appearance and possess maternal instincts. Their unique physiology, expressed in a millennium-long lifespan and the ability to reproduce with a partner of any gender or species, gives them a conservative yet convivial attitude toward other races.</description>
      <alienRace>
        <generalSettings>
			<minAgeForAdulthood>50</minAgeForAdulthood>
			<humanRecipeImport>true</humanRecipeImport>
			<maleGenderProbability>0</maleGenderProbability>
			<immuneToAge>false</immuneToAge>
			<forcedRaceTraitEntries>
			  <li>
				 <defName>Beauty</defName>
				 <degree>2</degree>
				 <chance>50</chance>
			  </li>
			   <li>
				<defName>Bisexual</defName>
				<chance>60</chance>
			   </li>
			</forcedRaceTraitEntries>
			<alienPartGenerator>
				<colorChannels>
					<li>
						<name>skin</name>
						<first Class="ColorGenerator_Options">
							<options>
								<li>
									<weight>30</weight>
									<only>RGBA(70, 94, 156, 255)</only>
								</li>
								<li>
									<weight>20</weight>
									<only>RGBA(105, 76, 162, 255)</only> 
								</li>
								<li>
									<weight>30</weight>
									<only>RGBA(119, 163, 165, 255)</only>
								</li>
								<li>
									<weight>10</weight>
									<only>RGBA(77, 88, 55, 255)</only>
								</li>
							</options>
						</first>
					</li>
					<li>
						<name>tattoo</name>
						<first Class="ColorGenerator_Options">
							<options>
								<li>
									<weight>30</weight>
									<only>RGBA(240, 240, 230, 255)</only>
								</li>
							</options>
						</first>
					</li>
				</colorChannels>
			    <aliencrowntypes>
					<li>Average_Normal</li>
                </aliencrowntypes>
				<alienbodytypes>
					<li>Thin</li>
					<li>Female</li>
                </alienbodytypes>
				<bodyAddons>
					<li>
						<path>Asari/Paint/tattoo</path>
						<bodyPart>Head</bodyPart>
						<inFrontOfBody>true</inFrontOfBody>
						<layerInvert>false</layerInvert>
						<layerOffset>-0.27</layerOffset>
						<drawnInBed>true</drawnInBed>
						<colorChannel>tattoo</colorChannel>
						<offsets>
							<south>
								<bodyTypes>
									<Female>(0.0,0.0)</Female>
									<Thin>(0.0,0.0)</Thin>
								</bodyTypes>
								<portraitBodyTypes>
									<Female>(0.0,0.0)</Female>
									<Thin>(0.0,0.0)</Thin>
								</portraitBodyTypes>
								<crownTypes>
									<Average_Normal>(-0.41,0.55)</Average_Normal>
								</crownTypes>
								<portraitCrownTypes>
									<Average_Normal>(-0.41,0.55)</Average_Normal>
								</portraitCrownTypes>
							</south>
							<north>
								<bodyTypes>
									<Female>(0.0,0.0)</Female>
									<Thin>(0.0,0.0)</Thin>
								</bodyTypes>
								<crownTypes>
									<Average_Normal>(-0.41,0.55)</Average_Normal>
								</crownTypes>
							</north>
							<east>
								<bodyTypes>
									<Female>(0.0,0.0)</Female>
									<Thin>(0.0,0.0)</Thin>
								</bodyTypes>
								<crownTypes>
									<Average_Normal>(-0.5, 0.55)</Average_Normal>
								</crownTypes>
							</east>
						</offsets>
					</li>
				</bodyAddons>
			</alienPartGenerator>
			<chemicalSettings>	
		    </chemicalSettings>
		</generalSettings>
		<graphicPaths>
			<li>
				<head>Asari/Head/</head>
				<body>Asari/Body/</body>
			</li>
		</graphicPaths>
        <hairSettings>
            <hasHair>false</hasHair>
        </hairSettings>
        <relationSettings>
        </relationSettings>
			<thoughtSettings>
				<cannotReceiveThoughts>
				</cannotReceiveThoughts>
			</thoughtSettings>
    </alienRace>
  
    <statBases>
      <MarketValue>2000</MarketValue>
      <MoveSpeed>4.62</MoveSpeed>
      <Flammability>1.0</Flammability>
      <ComfyTemperatureMin>6</ComfyTemperatureMin>
      <ComfyTemperatureMax>28</ComfyTemperatureMax>
      <LeatherAmount>25</LeatherAmount>
    </statBases>
    <tools>
      <li>
        <label>left fist</label>
        <capacities>
          <li>Blunt</li>
        </capacities>
        <power>7</power>
        <cooldownTime>1.5</cooldownTime>
        <linkedBodyPartsGroup>LeftHand</linkedBodyPartsGroup>
        <surpriseAttack>
          <extraMeleeDamages>
            <li>
              <def>Stun</def>
              <amount>22</amount>
            </li>
          </extraMeleeDamages>
        </surpriseAttack>
      </li>
      <li>
        <label>right fist</label>
        <capacities>
          <li>Blunt</li>
        </capacities>
        <power>7</power>
        <cooldownTime>1.5</cooldownTime>
        <linkedBodyPartsGroup>RightHand</linkedBodyPartsGroup>
        <surpriseAttack>
          <extraMeleeDamages>
            <li>
              <def>Stun</def>
              <amount>22</amount>
            </li>
          </extraMeleeDamages>
        </surpriseAttack>
      </li>
      <li>
        <label>head</label>
        <capacities>
          <li>Blunt</li>
        </capacities>
        <power>5</power>
        <cooldownTime>1.6</cooldownTime>
        <linkedBodyPartsGroup>HeadAttackTool</linkedBodyPartsGroup>
        <chanceFactor>0.2</chanceFactor>
      </li>
    </tools>
    <race>
	  <nameGenerator>NamerPersonAsari</nameGenerator>
	  <nameGeneratorFemale>NamerPersonAsari</nameGeneratorFemale>
      <thinkTreeMain>Humanlike</thinkTreeMain>
      <thinkTreeConstant>HumanlikeConstant</thinkTreeConstant>
      <intelligence>Humanlike</intelligence>
      <makesFootprints>true</makesFootprints>
      <lifeExpectancy>1000</lifeExpectancy>
	<leatherDef>Leather_Asari</leatherDef>
      <nameCategory>HumanStandard</nameCategory>
      <body>Human</body>
      <bloodDef>FilthBloodAsari</bloodDef>	
      <baseBodySize>1</baseBodySize>
      <baseHealthScale>1</baseHealthScale>
      <foodType>OmnivoreHuman</foodType>
      <gestationPeriodDays>45</gestationPeriodDays>
      <litterSizeCurve>
        <points>
          <li>(0.5, 0)</li>
          <li>(1, 1)</li>
          <li>(1.01, 0.02)</li>
          <li>(3.5, 0)</li>
        </points>
      </litterSizeCurve>
      <lifeStageAges>
        <li>
          <def>AsariBaby</def>
          <minAge>0</minAge>
        </li>
        <li>
          <def>AsariToddler</def>
          <minAge>8</minAge>
        </li>
        <li>
          <def>AsariChild</def>
          <minAge>14</minAge>
        </li>
        <li>
          <def>AsariTeenager</def>
          <minAge>30</minAge>
        </li>
        <li>
          <def>AsariMaiden</def>
          <minAge>50</minAge>
        </li>
        <li>
          <def>AsariMatron</def>
          <minAge>350</minAge>
        </li>
        <li>
          <def>AsariMatriarch</def>
          <minAge>700</minAge>
        </li>
      </lifeStageAges>
      <soundMeleeHitPawn>Pawn_Melee_Punch_HitPawn</soundMeleeHitPawn>
      <soundMeleeHitBuilding>Pawn_Melee_Punch_HitBuilding</soundMeleeHitBuilding>
      <soundMeleeMiss>Pawn_Melee_Punch_Miss</soundMeleeMiss>
      <specialShadowData>
        <volume>(0.3, 0.8, 0.4)</volume>
        <offset>(0,0,-0.3)</offset>
      </specialShadowData>
      <ageGenerationCurve>
        <points>
          <li>(20,0)</li>
          <li>(20,100)</li>
          <li>(50,100)</li>
          <li>(600,30)</li>
          <li>(700,180)</li>
          <li>(800,100)</li>
          <li>(900,300)</li>
          <li>(999,0)</li>
        </points>
      </ageGenerationCurve>
      <hediffGiverSets>
        <li>OrganicAgeless</li>
      </hediffGiverSets>
    </race>
    <recipes>
       <li>InstallArchotechEye</li>
      <li>InstallArchotechArm</li>
      <li>InstallArchotechLeg</li>
      <li>InstallPowerClaw</li>
      <li>InstallBionicEye</li>
      <li>InstallBionicArm</li>
      <li>InstallBionicLeg</li>
      <li>InstallBionicSpine</li>
      <li>InstallBionicHeart</li>
      <li>InstallBionicStomach</li>
      <li>InstallBionicEar</li>
      <li>InstallSimpleProstheticArm</li>
      <li>InstallSimpleProstheticLeg</li>
      <li>InstallSimpleProstheticHeart</li>
      <li>InstallCochlearImplant</li>
      <li>InstallPegLeg</li>
      <li>InstallDenture</li>
      <li>InstallJoywire</li>
      <li>InstallPainstopper</li>
      <li>InstallNaturalHeart</li>
      <li>InstallNaturalLung</li>
      <li>InstallNaturalKidney</li>
      <li>InstallNaturalLiver</li>
      <li>ExciseCarcinoma</li>
      <li>RemoveBodyPart</li>
      <li>Euthanize</li>
      <li>Anesthetize</li>
    </recipes>
  </AlienRace.ThingDef_AlienRace>
  
  <!-- Outdated Compatibility Version -->
  
  <AlienRace.ThingDef_AlienRace ParentName="BasePawn">
  <defName>Alien_Asari</defName>
    <label>asari</label>
    <description>A mono-gender race, the asari are distinctly feminine in appearance and possess maternal instincts. Their unique physiology, expressed in a millennium-long lifespan and the ability to reproduce with a partner of any gender or species, gives them a conservative yet convivial attitude toward other races.</description>
      <alienRace>
        <generalSettings>
			<minAgeForAdulthood>50</minAgeForAdulthood>
			<humanRecipeImport>true</humanRecipeImport>
			<maleGenderProbability>0</maleGenderProbability>
			<immuneToAge>false</immuneToAge>
			<forcedRaceTraitEntries>
			  <li>
				 <defName>Beauty</defName>
				 <degree>2</degree>
				 <chance>50</chance>
			  </li>
			   <li>
				<defName>Bisexual</defName>
				<chance>60</chance>
			   </li>
			</forcedRaceTraitEntries>
			<alienPartGenerator>
				<colorChannels>
					<li>
						<name>skin</name>
						<first Class="ColorGenerator_Options">
							<options>
								<li>
									<weight>30</weight>
									<only>RGBA(70, 94, 156, 255)</only>
								</li>
								<li>
									<weight>20</weight>
									<only>RGBA(105, 76, 162, 255)</only> 
								</li>
								<li>
									<weight>30</weight>
									<only>RGBA(119, 163, 165, 255)</only>
								</li>
								<li>
									<weight>10</weight>
									<only>RGBA(77, 88, 55, 255)</only>
								</li>
							</options>
						</first>
					</li>
					<li>
						<name>tattoo</name>
						<first Class="ColorGenerator_Options">
							<options>
								<li>
									<weight>30</weight>
									<only>RGBA(240, 240, 230, 255)</only>
								</li>
							</options>
						</first>
					</li>
				</colorChannels>
			    <aliencrowntypes>
					<li>Average_Normal</li>
                </aliencrowntypes>
				<alienbodytypes>
					<li>Thin</li>
					<li>Female</li>
                </alienbodytypes>
				<bodyAddons>
					<li>
						<path>Asari/Paint/tattoo</path>
						<bodyPart>Head</bodyPart>
						<inFrontOfBody>true</inFrontOfBody>
						<layerInvert>false</layerInvert>
						<layerOffset>-0.27</layerOffset>
						<drawnInBed>true</drawnInBed>
						<colorChannel>tattoo</colorChannel>
						<offsets>
							<south>
								<bodyTypes>
									<Female>(0.0,0.0)</Female>
									<Thin>(0.0,0.0)</Thin>
								</bodyTypes>
								<portraitBodyTypes>
									<Female>(0.0,0.0)</Female>
									<Thin>(0.0,0.0)</Thin>
								</portraitBodyTypes>
								<crownTypes>
									<Average_Normal>(-0.41,0.55)</Average_Normal>
								</crownTypes>
								<portraitCrownTypes>
									<Average_Normal>(-0.41,0.55)</Average_Normal>
								</portraitCrownTypes>
							</south>
							<north>
								<bodyTypes>
									<Female>(0.0,0.0)</Female>
									<Thin>(0.0,0.0)</Thin>
								</bodyTypes>
								<crownTypes>
									<Average_Normal>(-0.41,0.55)</Average_Normal>
								</crownTypes>
							</north>
							<east>
								<bodyTypes>
									<Female>(0.0,0.0)</Female>
									<Thin>(0.0,0.0)</Thin>
								</bodyTypes>
								<crownTypes>
									<Average_Normal>(-0.5, 0.55)</Average_Normal>
								</crownTypes>
							</east>
						</offsets>
					</li>
				</bodyAddons>
			</alienPartGenerator>
			<chemicalSettings>	
		    </chemicalSettings>
		</generalSettings>
		<graphicPaths>
			<li>
				<head>Asari/Head/</head>
				<body>Asari/Body/</body>
			</li>
		</graphicPaths>
        <hairSettings>
            <hasHair>false</hasHair>
        </hairSettings>
        <relationSettings>
        </relationSettings>
			<thoughtSettings>
				<cannotReceiveThoughts>
				</cannotReceiveThoughts>
			</thoughtSettings>
    </alienRace>
  
    <statBases>
      <MarketValue>2000</MarketValue>
      <MoveSpeed>4.62</MoveSpeed>
      <Flammability>1.0</Flammability>
      <ComfyTemperatureMin>6</ComfyTemperatureMin>
      <ComfyTemperatureMax>28</ComfyTemperatureMax>
      <LeatherAmount>25</LeatherAmount>
    </statBases>
    <tools>
      <li>
        <label>left fist</label>
        <capacities>
          <li>Blunt</li>
        </capacities>
        <power>7</power>
        <cooldownTime>1.5</cooldownTime>
        <linkedBodyPartsGroup>LeftHand</linkedBodyPartsGroup>
        <surpriseAttack>
          <extraMeleeDamages>
            <li>
              <def>Stun</def>
              <amount>22</amount>
            </li>
          </extraMeleeDamages>
        </surpriseAttack>
      </li>
      <li>
        <label>right fist</label>
        <capacities>
          <li>Blunt</li>
        </capacities>
        <power>7</power>
        <cooldownTime>1.5</cooldownTime>
        <linkedBodyPartsGroup>RightHand</linkedBodyPartsGroup>
        <surpriseAttack>
          <extraMeleeDamages>
            <li>
              <def>Stun</def>
              <amount>22</amount>
            </li>
          </extraMeleeDamages>
        </surpriseAttack>
      </li>
      <li>
        <label>head</label>
        <capacities>
          <li>Blunt</li>
        </capacities>
        <power>5</power>
        <cooldownTime>1.6</cooldownTime>
        <linkedBodyPartsGroup>HeadAttackTool</linkedBodyPartsGroup>
        <chanceFactor>0.2</chanceFactor>
      </li>
    </tools>
    <race>
	  <nameGenerator>NamerPersonAsari</nameGenerator>
	  <nameGeneratorFemale>NamerPersonAsari</nameGeneratorFemale>
      <thinkTreeMain>Humanlike</thinkTreeMain>
      <thinkTreeConstant>HumanlikeConstant</thinkTreeConstant>
      <intelligence>Humanlike</intelligence>
      <makesFootprints>true</makesFootprints>
      <lifeExpectancy>1000</lifeExpectancy>
	<leatherDef>Leather_Asari</leatherDef>
      <nameCategory>HumanStandard</nameCategory>
      <body>Human</body>
      <bloodDef>FilthBloodAsari</bloodDef>	
      <baseBodySize>1</baseBodySize>
      <baseHealthScale>1</baseHealthScale>
      <foodType>OmnivoreHuman</foodType>
      <gestationPeriodDays>45</gestationPeriodDays>
      <litterSizeCurve>
        <points>
          <li>(0.5, 0)</li>
          <li>(1, 1)</li>
          <li>(1.01, 0.02)</li>
          <li>(3.5, 0)</li>
        </points>
      </litterSizeCurve>
      <lifeStageAges>
        <li>
          <def>AsariBaby</def>
          <minAge>0</minAge>
        </li>
        <li>
          <def>AsariToddler</def>
          <minAge>8</minAge>
        </li>
        <li>
          <def>AsariChild</def>
          <minAge>14</minAge>
        </li>
        <li>
          <def>AsariTeenager</def>
          <minAge>30</minAge>
        </li>
        <li>
          <def>AsariMaiden</def>
          <minAge>50</minAge>
        </li>
        <li>
          <def>AsariMatron</def>
          <minAge>350</minAge>
        </li>
        <li>
          <def>AsariMatriarch</def>
          <minAge>700</minAge>
        </li>
      </lifeStageAges>
      <soundMeleeHitPawn>Pawn_Melee_Punch_HitPawn</soundMeleeHitPawn>
      <soundMeleeHitBuilding>Pawn_Melee_Punch_HitBuilding</soundMeleeHitBuilding>
      <soundMeleeMiss>Pawn_Melee_Punch_Miss</soundMeleeMiss>
      <specialShadowData>
        <volume>(0.3, 0.8, 0.4)</volume>
        <offset>(0,0,-0.3)</offset>
      </specialShadowData>
      <ageGenerationCurve>
        <points>
          <li>(20,0)</li>
          <li>(20,100)</li>
          <li>(50,100)</li>
          <li>(600,30)</li>
          <li>(700,180)</li>
          <li>(800,100)</li>
          <li>(900,300)</li>
          <li>(999,0)</li>
        </points>
      </ageGenerationCurve>
      <hediffGiverSets>
        <li>OrganicAgeless</li>
      </hediffGiverSets>
    </race>
    <recipes>
       <li>InstallArchotechEye</li>
      <li>InstallArchotechArm</li>
      <li>InstallArchotechLeg</li>
      <li>InstallPowerClaw</li>
      <li>InstallBionicEye</li>
      <li>InstallBionicArm</li>
      <li>InstallBionicLeg</li>
      <li>InstallBionicSpine</li>
      <li>InstallBionicHeart</li>
      <li>InstallBionicStomach</li>
      <li>InstallBionicEar</li>
      <li>InstallSimpleProstheticArm</li>
      <li>InstallSimpleProstheticLeg</li>
      <li>InstallSimpleProstheticHeart</li>
      <li>InstallCochlearImplant</li>
      <li>InstallPegLeg</li>
      <li>InstallDenture</li>
      <li>InstallJoywire</li>
      <li>InstallPainstopper</li>
      <li>InstallNaturalHeart</li>
      <li>InstallNaturalLung</li>
      <li>InstallNaturalKidney</li>
      <li>InstallNaturalLiver</li>
      <li>ExciseCarcinoma</li>
      <li>RemoveBodyPart</li>
      <li>Euthanize</li>
      <li>Anesthetize</li>
    </recipes>
  </AlienRace.ThingDef_AlienRace>
  
</Defs>