<?xml version="1.0" encoding="utf-8"?>
<Defs>

<AlienRace.ThingDef_AlienRace ParentName="BasePawn">
    <defName>AlienDrell</defName>
    <label>Drell</label>
    
    <description>The Drell are a reptile-like race that is indebted and loyal to the Hanar for resucing them from their dying homeworld.

Resistant to high temperatures.</description>
        
    <statBases>
		<PsychicSensitivity>1.0</PsychicSensitivity>
		<ToxicSensitivity>1.0</ToxicSensitivity>
		<ComfyTemperatureMin>14</ComfyTemperatureMin>
		<ComfyTemperatureMax>50</ComfyTemperatureMax>
		<LeatherAmount>50</LeatherAmount>
		<MarketValue>1700</MarketValue>
		<MoveSpeed>4.6</MoveSpeed>
		<Flammability>1.0</Flammability>
		
		<CarryingCapacity>75</CarryingCapacity>

		<SocialImpact>1.0</SocialImpact>
		<PlantWorkSpeed>1.0</PlantWorkSpeed>
		<PlantHarvestYield>1.0</PlantHarvestYield>
		<ResearchSpeed>1.0</ResearchSpeed>
		
		<MiningSpeed>1.0</MiningSpeed>
		<MiningYield>1.0</MiningYield>
		<ConstructionSpeed>1.0</ConstructionSpeed>
		<ConstructSuccessChance>1.0</ConstructSuccessChance>
		<DrugCookingSpeed>1.0</DrugCookingSpeed>		
		<DrugSynthesisSpeed>1.0</DrugSynthesisSpeed>
		<GeneralLaborSpeed>1.0</GeneralLaborSpeed>


		<ArmorRating_Blunt>0.1</ArmorRating_Blunt>
		<ArmorRating_Sharp>0.15</ArmorRating_Sharp>

		<ShootingAccuracyPawn>1.0</ShootingAccuracyPawn>
		<MeleeHitChance>1.0</MeleeHitChance>
		<MeleeDodgeChance>1.0</MeleeDodgeChance>
		
    </statBases>

	<tools>
      <li>
        <label>left fist</label>
        <capacities>
          <li>Blunt</li>
        </capacities>
        <power>8.2</power>
        <cooldownTime>2</cooldownTime>
        <linkedBodyPartsGroup>LeftHand</linkedBodyPartsGroup>
        <surpriseAttack>
          <extraMeleeDamages>
            <li>
              <def>Stun</def>
              <amount>14</amount>
            </li>
          </extraMeleeDamages>
        </surpriseAttack>
      </li>
      <li>
        <label>right fist</label>
        <capacities>
          <li>Blunt</li>
        </capacities>
        <power>8.2</power>
        <cooldownTime>2</cooldownTime>
        <linkedBodyPartsGroup>RightHand</linkedBodyPartsGroup>
        <surpriseAttack>
          <extraMeleeDamages>
            <li>
              <def>Stun</def>
              <amount>14</amount>
            </li>
          </extraMeleeDamages>
        </surpriseAttack>
      </li>
      <li>
        <label>teeth</label>
        <capacities>
          <li>Bite</li>
        </capacities>
        <power>8.2</power>
        <cooldownTime>2</cooldownTime>
        <linkedBodyPartsGroup>Teeth</linkedBodyPartsGroup>
        <chanceFactor>0.07</chanceFactor>
        <soundMeleeHit>Pawn_Melee_HumanBite_Hit</soundMeleeHit>
        <soundMeleeMiss>Pawn_Melee_HumanBite_Miss</soundMeleeMiss>
      </li>
      <li>
        <label>head</label>
        <capacities>
          <li>Blunt</li>
        </capacities>
        <power>5</power>
        <cooldownTime>2</cooldownTime>
        <linkedBodyPartsGroup>HeadAttackTool</linkedBodyPartsGroup>
        <ensureLinkedBodyPartsGroupAlwaysUsable>true</ensureLinkedBodyPartsGroupAlwaysUsable>
        <chanceFactor>0.2</chanceFactor>
      </li>
	</tools>

	<alienRace>

	<generalSettings>
		<allowHumanBios>False</allowHumanBios>
		<humanRecipeImport>true</humanRecipeImport>
		<alienPartGenerator>
			<!-- -->
			<alienbodytypes>
				<li>Female</li>
				<li>Male</li>
			</alienbodytypes>
			<!-- -->
			<useGenderedHeads>true</useGenderedHeads>
			<useGenderedBodies>false</useGenderedBodies>
			<aliencrowntypes>
                    <li>Average_Normal_01</li>
			        <li>Average_Normal_02</li>
					<li>Average_Normal_03</li>
			        <li>Average_Normal_04</li>
				    <li>Average_Normal_05</li>
			        <li>Average_Normal_06</li>
					<li>Average_Normal_07</li>
			        <li>Average_Normal_08</li>
					<li>Average_Normal_09</li>
			        <li>Average_Normal_10</li>
					<li>Average_Normal_11</li>
			        <li>Average_Normal_12</li>
			</aliencrowntypes>
				 <customDrawSize>(0.95, 0.95)</customDrawSize>
                 <customHeadDrawSize>(0.85, 0.85)</customHeadDrawSize>
				 <customPortraitDrawSize>(0.95, 0.95)</customPortraitDrawSize>
                 <customPortraitHeadDrawSize>(0.85, 0.85)</customPortraitHeadDrawSize>
				<colorChannels>
					<li>
						<name>skin</name>
						<first Class="ColorGenerator_Options">
							<options>
								<li><weight>3</weight><only>RGBA(0.678, 1.000, 0.184,1)</only></li>
								<li><weight>3</weight><only>RGBA(0.486, 0.988, 0.000,1)</only></li>
								<li><weight>3</weight><only>RGBA(0.596, 0.984, 0.596,1)</only></li>
								<li><weight>3</weight><only>RGBA(0.565, 0.933, 0.565,1)</only></li>
								<li><weight>3</weight><only>RGBA(0.000, 0.980, 0.604,1)</only></li>
								<li><weight>3</weight><only>RGBA(0.000, 1.000, 0.498,1)</only></li>
								<li><weight>3</weight><only>RGBA(0.604, 0.804, 0.196,1)</only></li>
												
								<li><weight>3</weight><only>RGBA(0.400, 0.804, 0.667,1)</only></li>
								<li><weight>3</weight><only>RGBA(0.686, 0.933, 0.933,1)</only></li>
								<li><weight>3</weight><only>RGBA(0.498, 1.000, 0.831,1)</only></li>
								<li><weight>3</weight><only>RGBA(0.000, 0.808, 0.820,1)</only></li>
								<li><weight>3</weight><only>RGBA(0.282, 0.820, 0.800,1)</only></li>
								
								<li><weight>3</weight><only>RGBA(0.690, 0.878, 0.902,1)</only></li>
								<li><weight>3</weight><only>RGBA(0.678, 0.847, 0.902,1)</only></li>
								<li><weight>3</weight><only>RGBA(0.529, 0.808, 0.922,1)</only></li>
								<li><weight>3</weight><only>RGBA(0.529, 0.808, 0.980,1)</only></li>
								
								<li><weight>3</weight><only>RGBA(1.000, 0.627, 0.478,1)</only></li>
								<li><weight>3</weight><only>RGBA(1.000, 0.753, 0.796,1)</only></li>
								<li><weight>3</weight><only>RGBA(1.000, 0.714, 0.757,1)</only></li>
								<li><weight>3</weight><only>RGBA(1.000, 0.498, 0.314,1)</only></li>
								<li><weight>3</weight><only>RGBA(0.980, 0.980, 0.824,1)</only></li>
								
								<li><weight>3</weight><only>RGBA(0.902, 0.902, 0.980,1)</only></li>
								<li><weight>3</weight><only>RGBA(0.847, 0.749, 0.847,1)</only></li>
								<li><weight>3</weight><only>RGBA(0.867, 0.627, 0.867,1)</only></li>
							</options>
						</first>
					</li>
				</colorChannels>
			
		</alienPartGenerator>
         
		<maleGenderProbability>0.8</maleGenderProbability>    
		<!--<forcedRaceTraitEntries>
			<li><defName>Bloodlust</defName><chance>10</chance></li>
			</forcedRaceTraitEntries>-->
	</generalSettings>    
         
	<graphicPaths>
		<li>
			<head>Drell/HeadBase/</head>
		</li>
	</graphicPaths>

	<hairSettings>
		<hasHair>false</hasHair>
	</hairSettings>
	
</alienRace>
    
<race>
	<thinkTreeMain>Humanlike</thinkTreeMain>
	<nameGenerator>NamerPersonDrell</nameGenerator>
	<nameGeneratorFemale>NamerPersonDrellFemale</nameGeneratorFemale>
	<thinkTreeConstant>HumanlikeConstant</thinkTreeConstant>
	<intelligence>Humanlike</intelligence>
	<makesFootprints>true</makesFootprints>
	<lifeExpectancy>85</lifeExpectancy>
	<nameCategory>HumanStandard</nameCategory>
	<body>Human</body>
	<baseBodySize>1.0</baseBodySize>
	<baseHealthScale>1.0</baseHealthScale>
	<baseHungerRate>1.0</baseHungerRate>
	<foodType>OmnivoreHuman</foodType>
	<leatherDef>Leather_Drell</leatherDef>

	<gestationPeriodDays>45</gestationPeriodDays>
      <litterSizeCurve>
		<points>
		<li>(0.5, 0)</li>
		<li>(1, 1)</li>
		<li>(1.01, 0.02)</li>
		<li>(3.5, 0)</li>
		</points>
      </litterSizeCurve>
      <lifeStageAges>
        <li>
          <def>HumanlikeBaby</def>
          <minAge>0</minAge>
        </li>
        <li>
          <def>HumanlikeToddler</def>
          <minAge>1</minAge>
        </li>
        <li>
          <def>HumanlikeChild</def>
          <minAge>5</minAge>
        </li>
        <li>
          <def>HumanlikeTeenager</def>
          <minAge>13</minAge>
        </li>
        <li>
          <def>HumanlikeAdult</def>
          <minAge>18</minAge>
        </li>
		<li>
          <def>HumanlikeOld</def>
          <minAge>70</minAge>
        </li>
      </lifeStageAges>
      <soundMeleeHitPawn>Pawn_Melee_Punch_HitPawn</soundMeleeHitPawn>
      <soundMeleeHitBuilding>Pawn_Melee_Punch_HitBuilding</soundMeleeHitBuilding>
      <soundMeleeMiss>Pawn_Melee_Punch_Miss</soundMeleeMiss>
      <specialShadowData>
        <volume>(0.3, 0.8, 0.3)</volume>
        <offset>(0,0,-0.3)</offset>
      </specialShadowData>
      <ageGenerationCurve>
        <points>
          <li>(14,0)</li>
          <li>(22,4)</li>
          <li>(25,20)</li>
		  <li>(32,20)</li>
		  <li>(39,25)</li>
		  <li>(46,25)</li>
		  <li>(53,15)</li>
		  <li>(60,5)</li>
		  <li>(67,5)</li>
		  <li>(74,2)</li>
		  <li>(85,0)</li>
        </points>
      </ageGenerationCurve>
      <hediffGiverSets>
        <li>OrganicStandard</li>
		<li>Human</li>
      </hediffGiverSets>
</race>
    <recipes>

		<li>InstallPowerClaw</li>
		<li>InstallBionicEye</li>
		<li>InstallBionicArm</li>
		<li>InstallBionicLeg</li>
		<li>InstallSimpleProstheticArm</li>
		<li>InstallSimpleProstheticLeg</li>
		<li>InstallPegLeg</li>
		<li>InstallDenture</li>
		<li>InstallJoywire</li>
		<li>InstallPainstopper</li>
		<li>InstallNaturalHeart</li>
		<li>InstallNaturalLung</li>
		<li>InstallNaturalKidney</li>
		<li>InstallNaturalLiver</li>
		<li>AdministerMechSerumHealer</li>
		<li>ExciseCarcinoma</li>
		<li>RemoveBodyPart</li>
		<li>Euthanize</li>
		<li>Anesthetize</li>
    </recipes>
    
</AlienRace.ThingDef_AlienRace>
</Defs>