﻿<?xml version="1.0" encoding="utf-8" ?>
<Defs>
	<FactionDef>
		<defName>DrellFaction</defName>
		<label>Drell</label>
		<description>This faction should not exist.</description>
		<pawnsPlural>Drell</pawnsPlural>
		<fixedName>Drell</fixedName>
		<hidden>true</hidden>
		
		<settlementGenerationWeight>0</settlementGenerationWeight>
		<requiredCountAtGameStart>0</requiredCountAtGameStart>
		
		<factionIconPath>World/WorldObjects/DefaultSettlement</factionIconPath>
		<settlementTexturePath>World/WorldObjects/TurianFlag01</settlementTexturePath>
		
		<canMakeRandomly>false</canMakeRandomly>
		<canStageAttacks>false</canStageAttacks>
        <canSiege>false</canSiege>
		
		<!--<factionNameMaker>NamerFaction</factionNameMaker>-->
		<settlementNameMaker>NamerSettlementOutlander</settlementNameMaker>
		<techLevel>Spacer</techLevel>
		<backstoryCategories><li>DrellBackstory</li></backstoryCategories>		

		<hairTags>
			<li>DrellHair</li>
		</hairTags>
		
		<startingGoodwill>
			<min>-80</min>
			<max>40</max>
		</startingGoodwill>
		<naturalColonyGoodwill>
			<min>-80</min>
			<max>40</max>
		</naturalColonyGoodwill>

		<visitorTraderKinds>
			<li>Visitor_Outlander_Standard</li>
		</visitorTraderKinds>
		<caravanTraderKinds>
      <li>Caravan_Outlander_BulkGoods</li>
      <li>Caravan_Outlander_CombatSupplier</li>
      <li>Caravan_Outlander_Exotic</li>
		</caravanTraderKinds>
		<baseTraderKinds>
			<li>Base_Outlander_Standard</li>
		</baseTraderKinds>
		
        <colorSpectrum>
         <li>(0.914, 0.588, 0.478)</li>
        </colorSpectrum>

		<mustStartOneEnemy>false</mustStartOneEnemy>
		<leaderTitle>Leader</leaderTitle>

		<allowedArrivalTemperatureRange>
			<min>-15</min>
			<max>40</max>
		</allowedArrivalTemperatureRange>
		
    <maxPawnCostPerTotalPointsCurve>
      <points>
        <li>(0,50)</li>
        <li>(50, 50)</li>
        <li>(1000, 1000)</li>
        <li>(10000, 10000)</li>
        <li>(100000, 10000)</li>
      </points>
    </maxPawnCostPerTotalPointsCurve>
		
    <pawnGroupMakers>
      <li>
        <kindDef>Combat</kindDef>
        <options>
          <DrellColonist01>50</DrellColonist01>
          <DrellLeader01>50</DrellLeader01>
		</options>
      </li>
	  <li>
      <kindDef>Trader</kindDef>
        <traders>
          <DrellTrader01>1</DrellTrader01>
        </traders>
        <carriers>
          <Elephant>1</Elephant>
		  <Muffalo>1</Muffalo>
        </carriers>
        <guards>
          <DrellColonist01>90</DrellColonist01>
		  <DrellSoldier01>60</DrellSoldier01>
        </guards>
      </li>
	  <li>
        <kindDef>Settlement</kindDef>
        <options>
		  <DrellSoldier01>60</DrellSoldier01>
        </options>
      </li>
	  	        <li>
        <kindDef>Peaceful</kindDef>
        <maxTotalPoints>300</maxTotalPoints>
		<options>
		  <DrellColonist01>30</DrellColonist01>
        </options>
      </li>
    </pawnGroupMakers>
	</FactionDef>
	  
	
</Defs>