﻿<?xml version="1.0" encoding="utf-8" ?>
<Defs>

  <FactionDef>
    <defName>GethRER</defName>
    <label>geth</label>
    <pawnSingular>geth</pawnSingular>
    <pawnsPlural>geth</pawnsPlural>
    <requiredCountAtGameStart>1</requiredCountAtGameStart>
    <fixedName>Geth collective</fixedName>
    <humanlikeFaction>false</humanlikeFaction>
    <hidden>true</hidden>
    <autoFlee>false</autoFlee>
    <canUseAvoidGrid>false</canUseAvoidGrid>
    <techLevel>Ultra</techLevel>
    <earliestRaidDays>45</earliestRaidDays>
    <permanentEnemy>true</permanentEnemy>
    <allowedArrivalTemperatureRange>
			<min>-70</min>
			<max>90</max>
   </allowedArrivalTemperatureRange>   
   <maxPawnCostPerTotalPointsCurve>
      <points>
        <li>(0,50)</li>
        <li>(50, 50)</li>
        <li>(1000, 700)</li>
        <li>(10000, 7000)</li>
        <li>(100000, 10000)</li>
      </points>
    </maxPawnCostPerTotalPointsCurve>
    <raidCommonalityFromPointsCurve>
	  <points>
        <li>(500, 0.0)</li>
        <li>(1000, 0.3)</li> 
        <li>(2000, 0.5)</li>    
		<li>(3000, 0.5)</li>
      </points>
    </raidCommonalityFromPointsCurve>
    
	<!-- Combined -->
	
	<pawnGroupMakers>
      <li>
        <kindDef>Combat</kindDef>
        <commonality>100</commonality>
        <options>
          <GethTrooperRER>900</GethTrooperRER>
		  <GethHunterRER>250</GethHunterRER>
		  <GethPrimeRER>100</GethPrimeRER>
        </options>
      </li>
    </pawnGroupMakers>
	
	<!-- -->
	
	
	<factionIconPath>World/WorldObjects/DefaultSettlement</factionIconPath>
 </FactionDef>
  
</Defs>
