<?xml version="1.0" encoding="utf-8" ?>
<Defs>

	<FactionDef ParentName="FactionBase">
		<defName>SalarianPlayerColony</defName>
		<label>Salarian Colony</label>
		<description>Your own community</description>
		<isPlayer>true</isPlayer>
		<basicMemberKind>PlayerSalarian</basicMemberKind>
		<pawnsPlural>Salarian</pawnsPlural>
		<colorSpectrum>
		<!--
			<li>(204, 255, 51)</li>
			<li>(51, 153, 51)</li>
			-->
			<!-- green -->
			<li>(50, 250, 70)</li>
			<li>(0, 180, 0)</li>
			<!-- red -->
			<li>(190, 0, 40)</li>
		</colorSpectrum>
		<playerInitialSettlementNameMaker>NamerInitialSettlementColony</playerInitialSettlementNameMaker>
		<factionNameMaker>NamerFactionOutlander</factionNameMaker>
        <settlementNameMaker>NamerSettlementOutlander</settlementNameMaker>
		<backstoryCategories><li>SalarianBackstory</li></backstoryCategories>

		<factionIconPath>World/WorldObjects/Expanding/Town</factionIconPath>
		<settlementTexturePath>World/WorldObjects/SalarianFlag01</settlementTexturePath>
<!-- techLevel : Industrial Medieval Neolithic -->		
<!-- StartingResearchTag : TribalStart ClassicStart -->
		<techLevel>Industrial</techLevel>
		<startingResearchTags>
			<li>ClassicStart</li>
		</startingResearchTags>		
		
		<hairTags>
			<li>SalarianHair</li>
		</hairTags>
						
	</FactionDef>
	
</Defs>