﻿<?xml version="1.0" encoding="utf-8" ?>
<Defs>
	<FactionDef>
		<defName>VorchaFaction</defName>
		<label>Vorcha Tribes</label>
		<description>It's unknown if the independent Vorcha on this world are former mercenaries, stowaways, or pirates. What is known is that the prolific Vorcha have spread all across the planet and become a constant nuisance for anyone living here.</description>
		<pawnsPlural>Vorcha</pawnsPlural>
		<fixedName>Vorcha Tribes</fixedName>
		
		<settlementGenerationWeight>1</settlementGenerationWeight>
		<requiredCountAtGameStart>1</requiredCountAtGameStart>
		
		<factionIconPath>World/WorldObjects/VorchaFlag01</factionIconPath>
		<settlementTexturePath>World/WorldObjects/VorchaFlag01</settlementTexturePath>
		
		<canMakeRandomly>true</canMakeRandomly>
		<canStageAttacks>true</canStageAttacks>
        <canSiege>true</canSiege>
		
		<!--<factionNameMaker>NamerFaction</factionNameMaker>-->
		<settlementNameMaker>NamerSettlementOutlander</settlementNameMaker>
		<techLevel>Industrial</techLevel>
		<backstoryCategories><li>VorchaBackstory</li></backstoryCategories>		

		<hairTags>
			<li>VorchaHair</li>
		</hairTags>
		
		<startingGoodwill>
			<min>-80</min>
			<max>-25</max>
		</startingGoodwill>
		<naturalColonyGoodwill>
			<min>-80</min>
			<max>-20</max>
		</naturalColonyGoodwill>

		<visitorTraderKinds>
			<li>Visitor_Outlander_Standard</li>
		</visitorTraderKinds>
		<caravanTraderKinds>
			<li>Caravan_Neolithic_Slaver</li>
	        <li>Caravan_Outlander_CombatSupplier</li>
			<li>Caravan_Outlander_PirateMerchant</li>
		</caravanTraderKinds>
		<baseTraderKinds>
			<li>Base_Outlander_Standard</li>
		</baseTraderKinds>
		
        <colorSpectrum>
      <li>(0.4, 0.92, 0.35)</li>
      <li>(0.89, 0.89, 0.7)</li>
      <li>(1, 1, 0.1)</li>
        </colorSpectrum>

		<mustStartOneEnemy>true</mustStartOneEnemy>
		<leaderTitle>Chief</leaderTitle>

		<allowedArrivalTemperatureRange>
			<min>-20</min>
			<max>60</max>
		</allowedArrivalTemperatureRange>
		
	<maxPawnCostPerTotalPointsCurve>
      <points>
        <li>(0,50)</li>
        <li>(50, 50)</li>
        <li>(1000, 1000)</li>
        <li>(10000, 10000)</li>
        <li>(100000, 10000)</li>
      </points>
    </maxPawnCostPerTotalPointsCurve>
		
     <pawnGroupMakers>
      <li>
        <kindDef>Combat</kindDef>
        <options>
          <VorchaColonist01>50</VorchaColonist01>
		  <VorchaSoldier01>60</VorchaSoldier01>
		  <VorchaGrenadier01>40</VorchaGrenadier01>
		  <VorchaVeteran01>70</VorchaVeteran01>
		  <VorchaChief01>70</VorchaChief01>
		</options>
      </li>
	  <li>
        <kindDef>Combat</kindDef>
        <options>
		  <VorchaBrawler01>100</VorchaBrawler01>
		  <VorchaGrenadier01>40</VorchaGrenadier01>
		  <VorchaChief01>30</VorchaChief01>
		</options>
      </li>
	  <li>
      <kindDef>Trader</kindDef>
        <traders>
          <VorchaTrader01>1</VorchaTrader01>
        </traders>
        <carriers>
          <Muffalo>1</Muffalo>
		  <Dromedary>1</Dromedary>
        </carriers>
        <guards>
		  <VorchaSoldier01>60</VorchaSoldier01>
		  <VorchaBrawler01>100</VorchaBrawler01>
		  <VorchaVeteran01>40</VorchaVeteran01>
        </guards>
      </li> 
      <li>
        <kindDef>Settlement</kindDef>
        <options>
          <VorchaColonist01>100</VorchaColonist01>
		  <VorchaSoldier01>60</VorchaSoldier01>
		  <VorchaVeteran01>70</VorchaVeteran01>
          <VorchaChief01>70</VorchaChief01>
		</options>
      </li>
</pawnGroupMakers>
	</FactionDef>
	  
	
</Defs>