﻿<?xml version="1.0" encoding="utf-8" ?>
<Defs>
  
  <LifeStageDef>
    <defName>AsariBaby</defName>
    <label>baby</label>
    <bodySizeFactor>0.2</bodySizeFactor>
    <healthScaleFactor>0.2</healthScaleFactor>
	<foodMaxFactor>1.5</foodMaxFactor>
    <hungerRateFactor>0.2</hungerRateFactor>
    <marketValueFactor>0.5</marketValueFactor>
	<meleeDamageFactor>0.5</meleeDamageFactor>
    <statFactors>
      <MoveSpeed>0.2</MoveSpeed>
    </statFactors>
  </LifeStageDef>
  
  <LifeStageDef>
    <defName>AsariToddler</defName>
    <label>toddler</label>
    <bodySizeFactor>0.32</bodySizeFactor>
    <foodMaxFactor>1.5</foodMaxFactor>
    <healthScaleFactor>0.4</healthScaleFactor>
    <hungerRateFactor>0.4</hungerRateFactor>
    <marketValueFactor>0.7</marketValueFactor>
    <meleeDamageFactor>0.6</meleeDamageFactor>
    <statFactors>
      <MoveSpeed>0.3</MoveSpeed>
    </statFactors>
  </LifeStageDef>

  <LifeStageDef>
    <defName>AsariChild</defName>
    <label>child</label>
    <bodySizeFactor>0.5</bodySizeFactor>
    <healthScaleFactor>0.5</healthScaleFactor>
    <hungerRateFactor>0.6</hungerRateFactor>
    <marketValueFactor>0.9</marketValueFactor>
	<meleeDamageFactor>0.7</meleeDamageFactor>
    <statFactors>
      <MoveSpeed>0.65</MoveSpeed>
    </statFactors>
  </LifeStageDef>
  
  <LifeStageDef>
    <defName>AsariTeenager</defName>
    <label>teenager</label>
    <adjective>teenage</adjective>
    <reproductive>true</reproductive>
    <bodySizeFactor>0.85</bodySizeFactor>
    <healthScaleFactor>0.90</healthScaleFactor>
    <meleeDamageFactor>0.75</meleeDamageFactor>
    <statFactors>
      <MoveSpeed>0.95</MoveSpeed>
    </statFactors>
  </LifeStageDef>

  <LifeStageDef>
    <defName>AsariMaiden</defName>
    <label>maiden stage</label>
	<adjective>maiden</adjective>
    <visible>false</visible>
    <reproductive>true</reproductive>
  </LifeStageDef>

  <LifeStageDef>
    <defName>AsariMatron</defName>
    <label>matron stage</label>
	<adjective>matron</adjective>
    <visible>false</visible>
    <reproductive>true</reproductive>
  </LifeStageDef>
  
  <LifeStageDef>
    <defName>AsariMatriarch</defName>
    <label>matriarch stage</label>
	<adjective>matriarch</adjective>
    <visible>false</visible>
    <reproductive>true</reproductive>
	<statFactors>
	  <ImmunityGainSpeed>0.92</ImmunityGainSpeed>
	</statFactors>
  </LifeStageDef>

</Defs>